idx,loc_x,loc_y,loc_z,weight,seq,emerg,reloc,size(ft)
1,4,0,0,19.94,0,0,0.9999999999999716,20
2,3,0,0,5.18,0,0,0,20
3,6,0,0,15.19,0,0,0,20
4,3,0,1,11.16,0,0,1.0,20
5,3,0,2,18.12,0,0,1.0,20
6,3,0,3,7.72,0,0,1.0,20
7,5,0,0,13.06,0,0,0,20
8,2,0,0,11.8,1,0,0,20
9,2,0,1,14.09,2,0,1.0,20
10,4,0,1,13.96,3,0,0.9999999999999716,20
11,1,0,0,6.37,4,0,0,20
12,1,0,1,10.12,5,0,0,20
13,1,0,2,10.86,6,0,0,20
14,5,0,1,23.71,7,0,0,20
15,2,0,2,13.97,8,0,1.0,20
