idx,loc_x,loc_y,loc_z,weight,seq,emerg,reloc,size(ft)
1,4,0,0,10.1,0,0,0,20
2,5,0,0,6.23,0,0,0,20
3,1,0,0,15.7,0,0,1.0,20
4,1,0,1,7.45,0,0,1.0,20
5,1,0,2,20.9,0,0,1.0,20
6,6,0,0,11.83,0,0,0,20
7,6,0,1,19.9,0,0,1.0,20
8,3,0,0,20.7,1,0,1.0,20
9,5,0,1,21.45,2,0,0,20
10,3,0,1,13.25,3,0,1.0,20
11,3,0,2,21.41,4,0,1.0,20
12,2,0,0,16.64,5,0,1.0000000000000002,20
13,4,0,1,18.82,6,0,0,20
14,2,0,1,15.9,7,0,1.0000000000000002,20
15,2,0,2,15.71,8,0,1.0,20
