idx,loc_x,loc_y,loc_z,weight,seq,emerg,reloc,size(ft)
1,4,0,0,14.91,0,0,0,20
2,2,0,0,17.03,0,0,1.000000000000001,20
3,1,0,0,9.85,1,0,1.0,20
4,2,0,1,16.42,2,0,1.0,20
5,2,0,2,20.6,3,0,1.000000000000001,20
6,1,0,1,8.87,4,0,1.0,20
7,3,0,0,12.2,5,0,0,20
