idx,loc_x,loc_y,loc_z,weight,seq,emerg,reloc,size(ft)
1,6,0,0,13.66,0,0,0,20
2,1,0,0,5.72,0,0,0,20
3,1,0,1,21.04,1,0,0,20
4,2,0,0,22.31,2,0,0.9999999999999978,20
5,2,0,1,13.66,3,0,0.9999999999999978,20
