idx,seq,priority,weight,size(ft)
4,1,1.4000000000000001,20.54,20
5,2,0.9,20.58,20
6,3,0.0,23.86,20
7,4,0.7000000000000001,19.33,20
8,5,0.2,22.9,20
9,6,0.6000000000000001,6.76,20
10,7,0.0,9.71,20
11,8,0.30000000000000004,9.92,20
12,9,1.1,23.13,20
13,10,0.5,20.34,20
14,11,1.3,6.4,20
15,12,0.0,5.21,20
16,13,0.0,16.62,20
