idx,seq,priority,weight,size(ft)
4,1,1.3,18.39,20
5,2,0.0,3.21,20
6,3,0.8,14.34,20
7,4,0.7000000000000001,6.94,20
8,5,1.6,20.07,20
9,6,1.4000000000000001,11.17,20
10,7,0.1,20.01,20
11,8,0.5,7.63,20
12,9,0.6000000000000001,5.11,20
13,10,0.4,8.08,20
14,11,0.0,12.3,20
15,12,0.2,6.28,20
16,13,0.0,6.44,20
