idx,seq,priority,weight,size(ft)
4,1,0.1,21.61,20
5,2,0.2,14.03,20
6,3,0.8,21.01,20
7,4,0.0,14.65,20
8,5,1.5,21.96,20
9,6,1.2000000000000002,5.53,20
10,7,0.30000000000000004,8.42,20
11,8,1.4000000000000001,10.55,20
12,9,0.0,4.04,20
13,10,0.5,14.8,20
14,11,0.0,14.74,20
15,12,0.6000000000000001,16.86,20
16,13,1.6,7.2,20
