idx,seq,priority,weight,size(ft)
4,1,0.1,3.78,20
5,2,0.6000000000000001,20.5,20
6,3,0.0,14.24,20
7,4,0.0,23.01,20
8,5,1.5,17.32,20
9,6,1.3,4.73,20
10,7,1.6,19.57,20
11,8,1.4000000000000001,12.7,20
12,9,0.2,21.73,20
13,10,0.5,4.45,20
14,11,1.1,7.89,20
15,12,0.7000000000000001,6.59,20
16,13,0.30000000000000004,22.02,20
