idx,seq,priority,weight,size(ft)
4,1,0.7000000000000001,9.63,20
5,2,0.9,5.57,20
6,3,0.6000000000000001,21.93,20
7,4,1.0,23.06,20
8,5,1.6,18.26,20
9,6,1.2000000000000002,9.74,20
10,7,1.3,9.93,20
11,8,0.1,6.3,20
12,9,0.30000000000000004,20.79,20
13,10,0.0,18.64,20
14,11,1.1,21.92,20
15,12,0.2,11.91,20
16,13,0.8,21.7,20
