idx,seq,priority,weight,size(ft)
4,1,1.6,6.52,20
5,2,0.4,17.91,20
6,3,0.9,19.8,20
7,4,0.5,16.05,20
8,5,0.7000000000000001,17.62,20
9,6,1.3,18.34,20
10,7,0.8,22.17,20
11,8,1.0,17.07,20
12,9,0.6000000000000001,13.61,20
13,10,0.0,12.19,20
14,11,1.1,14.82,20
15,12,0.0,17.79,20
16,13,1.4000000000000001,4.93,20
