idx,seq,priority,weight,size(ft)
4,1,0.4,15.24,20
5,2,0.0,18.67,20
6,3,0.1,4.7,20
7,4,1.0,23.25,20
8,5,1.5,19.51,20
9,6,0.30000000000000004,20.26,20
10,7,1.1,7.57,20
11,8,0.2,9.16,20
12,9,1.2000000000000002,14.66,20
13,10,0.8,18.99,20
14,11,1.6,4.57,20
15,12,0.6000000000000001,5.1,20
16,13,0.0,14.98,20
