idx,seq,priority,weight,size(ft)
4,1,1.1,10.23,20
5,2,0.0,14.22,20
6,3,0.30000000000000004,18.34,20
7,4,0.6000000000000001,6.16,20
8,5,0.1,5.66,20
9,6,0.4,23.24,20
10,7,0.7000000000000001,9.55,20
11,8,0.8,16.23,20
12,9,0.2,23.12,20
13,10,1.6,17.72,20
14,11,1.5,7.92,20
15,12,0.0,16.87,20
16,13,0.9,15.32,20
