idx,seq,priority,weight,size(ft)
4,1,0.0,12.09,20
5,2,0.6000000000000001,10.36,20
6,3,0.2,9.56,20
7,4,0.0,7.47,20
8,5,1.6,4.39,20
9,6,1.2000000000000002,9.52,20
10,7,0.9,11.92,20
11,8,0.0,13.21,20
12,9,0.4,13.18,20
13,10,1.1,15.91,20
14,11,0.7000000000000001,19.26,20
15,12,1.0,14.69,20
16,13,1.4000000000000001,3.44,20
