idx,seq,priority,weight,size(ft)
4,1,1.4000000000000001,13.98,20
5,2,1.5,12.94,20
6,3,0.7000000000000001,18.98,20
7,4,0.8,18.44,20
8,5,0.0,20.65,20
9,6,0.30000000000000004,11.63,20
10,7,0.2,16.89,20
11,8,0.9,4.0,20
12,9,0.4,10.57,20
13,10,0.0,9.13,20
14,11,1.3,17.18,20
15,12,1.1,10.79,20
16,13,0.0,3.29,20
