idx,seq,priority,weight,size(ft)
4,1,0.8,6.69,20
5,2,1.0,21.82,20
6,3,1.3,9.38,20
7,4,0.4,11.6,20
8,5,0.30000000000000004,10.58,20
9,6,1.1,7.24,20
10,7,0.5,19.26,20
11,8,0.0,19.36,20
12,9,1.5,4.62,20
13,10,1.2000000000000002,21.48,20
14,11,0.9,3.68,20
15,12,1.6,4.9,20
16,13,0.0,18.69,20
