idx,seq,priority,weight,size(ft)
4,1,0.4,7.31,20
5,2,0.9,18.05,20
6,3,0.7000000000000001,15.13,20
7,4,0.8,14.3,20
8,5,1.4000000000000001,17.06,20
9,6,1.3,22.46,20
10,7,0.0,20.36,20
11,8,0.2,19.43,20
12,9,1.5,14.02,20
13,10,0.30000000000000004,10.11,20
14,11,0.0,4.97,20
15,12,1.1,21.86,20
16,13,0.1,10.85,20
