idx,seq,priority,weight,size(ft)
4,1,0.4,21.93,20
5,2,1.0,5.81,20
6,3,0.9,8.41,20
7,4,0.6000000000000001,8.11,20
8,5,1.5,8.68,20
9,6,0.2,15.32,20
10,7,0.30000000000000004,10.91,20
11,8,1.6,23.83,20
12,9,0.5,11.19,20
13,10,1.2000000000000002,17.33,20
14,11,1.1,11.72,20
15,12,0.7000000000000001,15.14,20
16,13,0.1,8.72,20
