idx,seq,priority,weight,size(ft)
4,1,1.4000000000000001,17.07,20
5,2,0.6000000000000001,16.43,20
6,3,1.5,10.48,20
7,4,0.4,11.42,20
8,5,0.2,7.02,20
9,6,0.5,23.76,20
10,7,1.1,8.02,20
11,8,1.3,9.74,20
12,9,0.1,17.96,20
13,10,0.30000000000000004,19.55,20
14,11,0.8,14.43,20
15,12,1.2000000000000002,14.42,20
16,13,0.7000000000000001,16.2,20
