idx,seq,priority,weight,size(ft)
4,1,0.1,17.32,20
5,2,0.0,11.35,20
6,3,1.0,3.0,20
7,4,1.6,8.78,20
8,5,1.4000000000000001,19.68,20
9,6,1.1,22.8,20
10,7,0.0,7.31,20
11,8,0.6000000000000001,4.66,20
12,9,1.3,12.27,20
13,10,0.2,4.78,20
14,11,0.7000000000000001,16.6,20
15,12,0.0,4.61,20
16,13,0.9,8.74,20
