idx,loc_x,loc_y,loc_z,weight,priority,size(ft)
1,2,0,0,21.33,0.6000000000000001,20
2,2,0,1,13.76,1.0,20
3,6,0,0,12.6,1.2000000000000002,20
