idx,loc_x,loc_y,loc_z,weight,priority,size(ft)
1,5,0,0,6.61,0.6000000000000001,20
2,5,0,1,23.13,0.7000000000000001,20
3,4,0,0,12.43,0.1,20
