idx,loc_x,loc_y,loc_z,weight,priority,size(ft)
1,3,0,0,3.33,1.2000000000000002,20
2,3,0,1,20.27,0.30000000000000004,20
3,6,0,0,4.34,0.4,20
