idx,loc_x,loc_y,loc_z,weight,group,score,seq,reloc,size(ft)
1,2,0,0,17.04,2,217.04,1,1.0000000000000013,20
2,3,0,0,20.09,3,320.09,2,1.0,20
3,3,0,1,14.02,3,314.02,3,1.0,20
4,3,0,2,9.85,3,309.85,4,1.0,20
5,4,0,0,23.99,3,323.99,5,0,20
6,2,0,1,17.01,2,217.01,6,1.0000000000000027,20
7,2,0,2,15.39,2,215.39,7,1.0000000000000013,20
8,1,0,0,22.89,0,22.89,8,1.000000000000018,20
9,1,0,1,20.69,0,20.69,9,1.000000000000018,20
10,1,0,2,13.06,3,313.06,10,1.0000000000000178,20
