idx,loc_x,loc_y,loc_z,weight,group,score,seq,reloc,size(ft)
1,3,0,0,8.35,2,208.35,1,0,20
2,3,0,1,18.5,2,218.5,2,0,20
3,1,0,0,10.84,0,10.84,3,1.0,20
4,2,0,0,9.71,1,109.71000000000001,4,1.0000000000000044,20
5,4,0,0,11.53,3,311.53,5,0,20
6,2,0,1,19.69,2,219.69,6,1.0000000000000022,20
7,3,0,2,21.87,2,221.87,7,0,20
8,2,0,2,13.24,2,213.24,8,1.0,20
9,1,0,1,13.36,1,113.36,9,1.0,20
10,1,0,2,12.35,1,112.35,10,1.0,20
