idx,loc_x,loc_y,loc_z,weight,group,score,seq,reloc,size(ft)
1,4,0,0,21.52,3,321.52,1,0,20
2,2,0,0,8.54,0,8.54,2,1.0000000000000002,20
3,3,0,0,18.29,2,218.29,3,0,20
4,2,0,1,7.85,2,207.85,4,1.0000000000000002,20
5,3,0,1,18.86,3,318.86,5,1.0,20
6,1,0,0,16.24,1,116.24,6,1.0,20
7,2,0,2,13.51,2,213.51,7,1.0,20
8,2,0,3,14.82,2,214.82,8,1.0,20
9,3,0,2,15.95,3,315.95,9,1.0,20
10,1,0,1,7.5,1,107.5,10,1.0,20
