idx,loc_x,loc_y,loc_z,weight,group,score,seq,reloc,size(ft)
1,2,0,0,9.52,2,209.52,1,1.0000000000000009,20
2,2,0,1,18.79,2,218.79,2,1.0000000000000009,20
3,2,0,2,23.85,1,123.85,3,1.0000000000000009,20
4,2,0,3,15.42,2,215.42,4,1.0,20
5,3,0,0,5.94,2,205.94,5,0,20
6,1,0,0,8.36,1,108.36,6,1.0,20
7,1,0,1,15.01,0,15.01,7,1.0,20
8,3,0,1,6.38,3,306.38,8,0,20
9,4,0,0,20.68,3,320.68,9,0,20
10,1,0,2,15.83,0,15.83,10,1.0,20
