idx,seq,priority,weight,size(ft)
1,1,0.7000000000000001,23.15,20
2,2,0.2,18.68,20
3,3,0.0,3.84,20
4,4,0.0,22.11,20
5,5,0.4,14.21,20
6,6,0.9,6.13,20
7,7,0.6000000000000001,13.16,20
8,8,0.8,3.29,20
9,9,0.30000000000000004,4.19,20
10,10,1.0,13.84,20
