idx,seq,priority,weight,size(ft)
1,1,0.1,9.21,20
2,2,0.0,18.54,20
3,3,1.0,21.13,20
4,4,0.0,22.0,20
5,5,0.9,7.34,20
6,6,0.8,15.27,20
7,7,0.2,12.21,20
8,8,0.6000000000000001,21.94,20
9,9,0.4,23.51,20
10,10,0.30000000000000004,19.49,20
