idx,seq,priority,weight,size(ft)
1,1,0.9,22.35,20
2,2,0.0,9.51,20
3,3,0.8,14.81,20
4,4,0.1,8.35,20
5,5,0.30000000000000004,14.34,20
6,6,0.7000000000000001,19.43,20
7,7,0.2,8.25,20
8,8,0.6000000000000001,3.68,20
9,9,1.0,19.6,20
10,10,0.5,22.13,20
