idx,seq,priority,weight,size(ft)
1,1,0.4,3.43,20
2,2,0.1,17.63,20
3,3,0.6000000000000001,3.92,20
4,4,0.5,18.61,20
5,5,0.0,17.72,20
6,6,0.7000000000000001,6.45,20
7,7,0.9,9.53,20
8,8,0.30000000000000004,7.82,20
9,9,0.0,3.42,20
10,10,0.0,15.1,20
