idx,seq,priority,weight,size(ft)
1,1,0.8,21.2,20
2,2,0.6000000000000001,3.73,20
3,3,0.2,11.37,20
4,4,0.1,20.4,20
5,5,0.30000000000000004,13.33,20
6,6,0.7000000000000001,8.74,20
7,7,0.9,18.48,20
8,8,0.4,8.94,20
9,9,1.0,17.84,20
10,10,0.5,3.39,20
