idx,seq,priority,weight,size(ft)
1,1,0.7000000000000001,3.15,20
2,2,0.6000000000000001,22.45,20
3,3,0.1,9.59,20
4,4,0.5,19.18,20
5,5,0.2,21.87,20
6,6,0.4,3.91,20
7,7,0.0,4.7,20
8,8,1.0,15.19,20
9,9,0.9,20.46,20
10,10,0.8,11.06,20
