idx,seq,priority,weight,size(ft)
1,1,0.0,15.62,20
2,2,0.9,18.26,20
3,3,1.0,13.03,20
4,4,0.7000000000000001,10.34,20
5,5,0.0,12.63,20
6,6,0.6000000000000001,11.68,20
7,7,0.4,16.58,20
8,8,0.5,22.08,20
9,9,0.1,17.77,20
10,10,0.8,11.53,20
