idx,seq,priority,weight,size(ft)
1,1,0.7000000000000001,10.68,20
2,2,0.0,15.26,20
3,3,0.5,13.0,20
4,4,0.8,9.52,20
5,5,0.4,19.3,20
6,6,0.6000000000000001,19.56,20
7,7,0.30000000000000004,4.74,20
8,8,0.0,19.41,20
9,9,0.1,11.76,20
10,10,1.0,17.86,20
