idx,seq,priority,weight,size(ft)
1,1,0.1,21.86,20
2,2,0.0,14.98,20
3,3,0.0,16.72,20
4,4,0.30000000000000004,14.7,20
5,5,0.6000000000000001,18.73,20
6,6,0.2,14.62,20
7,7,1.0,16.91,20
8,8,0.4,10.51,20
9,9,0.7000000000000001,6.98,20
10,10,0.9,5.22,20
