idx,seq,priority,weight,size(ft)
1,1,0.8,5.22,20
2,2,0.9,10.53,20
3,3,0.4,6.16,20
4,4,0.2,11.09,20
5,5,0.7000000000000001,10.25,20
6,6,0.0,16.07,20
7,7,1.0,8.61,20
8,8,0.1,22.14,20
9,9,0.30000000000000004,16.54,20
10,10,0.6000000000000001,19.26,20
