idx,seq,priority,weight,size(ft)
1,1,0.6000000000000001,18.66,20
2,2,0.2,6.88,20
3,3,1.0,20.35,20
4,4,0.1,23.62,20
5,5,0.5,4.01,20
6,6,0.8,13.69,20
7,7,0.0,9.26,20
8,8,0.7000000000000001,4.37,20
9,9,0.30000000000000004,16.47,20
10,10,0.0,8.59,20
