idx,seq,priority,weight,size(ft)
1,1,0.6000000000000001,7.65,20
2,2,0.5,18.64,20
3,3,0.9,21.27,20
4,4,0.1,17.04,20
5,5,0.0,15.24,20
6,6,0.2,18.86,20
7,7,0.30000000000000004,11.16,20
8,8,0.7000000000000001,10.76,20
9,9,0.8,12.3,20
10,10,0.4,12.57,20
