idx,seq,priority,weight,size(ft)
1,1,0.2,7.85,20
2,2,0.30000000000000004,18.59,20
3,3,0.5,9.85,20
4,4,0.9,7.27,20
5,5,0.0,5.84,20
6,6,0.0,11.21,20
7,7,1.0,9.82,20
8,8,0.7000000000000001,20.22,20
9,9,0.4,16.74,20
10,10,0.8,17.31,20
