idx,seq,priority,weight,size(ft)
1,1,0.4,10.57,20
2,2,0.30000000000000004,17.87,20
3,3,0.7000000000000001,20.55,20
4,4,0.6000000000000001,17.21,20
5,5,0.8,18.51,20
6,6,0.5,23.19,20
7,7,0.9,22.26,20
8,8,0.1,15.33,20
9,9,1.0,4.03,20
10,10,0.2,18.82,20
