idx,loc_x,loc_y,loc_z,weight,seq,emerg,reloc,size(ft)
1,6,0,0,13.88,0,0,0,20
2,1,0,0,16.92,0,0,0.9999999999999716,20
3,6,0,1,19.8,0,0,0,20
4,1,0,1,11.93,1,0,1.0,20
5,1,0,2,10.64,2,0,1.0,20
6,1,0,3,16.87,3,0,1.0,20
7,2,0,0,6.7,4,0,1.0000000000005782,20
8,3,0,0,6.18,5,0,0,20
9,2,0,1,5.5,6,0,1.0000000000005782,20
10,4,0,0,23.1,7,0,0,20
