idx,loc_x,loc_y,loc_z,weight,group,score,seq,reloc,size(ft)
1,4,0,0,11.88,0,11.88,0,1.0,20
2,1,0,0,18.21,0,18.21,0,1.0,20
3,4,0,1,8.77,0,8.77,0,1.0,20
4,4,0,2,18.01,0,18.01,0,1.0,20
5,5,0,0,6.92,0,6.92,0,0,20
6,2,0,0,20.28,0,20.28,1,0.9999999999998082,20
7,1,0,1,12.73,0,12.73,2,1.0,20
8,2,0,1,20.78,0,20.78,3,0.9999999999998135,20
9,2,0,2,13.76,0,13.76,4,0.9999999999998133,20
10,3,0,0,21.56,0,21.56,5,0,20
