idx,loc_x,loc_y,loc_z,weight,group,score,seq,reloc,size(ft)
1,1,0,0,6.12,0,6.12,0,0,20
2,4,0,0,8.27,0,8.27,0,0,20
3,2,0,0,8.85,0,8.85,0,1.0,20
4,2,0,1,22.98,0,22.98,0,1.0,20
5,1,0,1,9.19,0,9.19,0,0,20
6,3,0,0,18.93,0,18.93,1,0.9999999999999971,20
7,2,0,2,18.13,0,18.13,2,1.0,20
8,1,0,2,10.23,0,10.23,3,0,20
9,3,0,1,8.24,0,8.24,4,0.9999999999999971,20
10,1,0,3,13.76,0,13.76,5,0,20
