idx,loc_x,loc_y,loc_z,weight,seq,emerg,reloc,size(ft)
1,5,0,0,11.49,0,0,0,20
2,6,0,0,10.79,0,0,1.0,20
3,6,0,1,9.62,0,0,1.0,20
4,6,0,2,10.85,0,0,1.0,20
5,1,0,0,18.97,1,0,0,20
6,2,0,0,16.66,2,0,0.9999999999999976,20
7,2,0,1,13.3,3,0,0.9999999999999976,20
