idx,seq,priority,weight,size(ft)
4,1,0.5,9.08,20
5,2,1.3,17.48,20
6,3,0.30000000000000004,17.98,20
7,4,0.0,16.81,20
8,5,0.7000000000000001,13.3,20
9,6,0.0,8.0,20
10,7,0.1,6.37,20
11,8,1.0,17.85,20
12,9,0.4,23.6,20
13,10,0.8,3.47,20
