idx,seq,priority,weight,size(ft)
4,1,1.2000000000000002,15.09,20
5,2,0.6000000000000001,18.77,20
6,3,1.1,10.57,20
7,4,0.4,10.97,20
8,5,0.7000000000000001,4.19,20
9,6,0.0,10.82,20
10,7,1.0,21.08,20
11,8,0.30000000000000004,14.73,20
12,9,0.5,22.51,20
13,10,0.0,13.06,20
