idx,seq,priority,weight,size(ft)
4,1,1.0,22.0,20
5,2,1.1,9.99,20
6,3,0.7000000000000001,13.59,20
7,4,0.8,22.99,20
8,5,0.6000000000000001,17.46,20
9,6,0.2,20.96,20
10,7,0.30000000000000004,20.21,20
11,8,0.5,11.47,20
12,9,0.4,23.98,20
13,10,0.0,8.41,20
