idx,seq,priority,weight,size(ft)
4,1,1.2000000000000002,15.26,20
5,2,1.0,9.02,20
6,3,1.3,7.92,20
7,4,0.8,18.66,20
8,5,0.6000000000000001,8.81,20
9,6,1.1,20.7,20
10,7,0.7000000000000001,9.46,20
11,8,0.0,11.12,20
12,9,0.30000000000000004,23.56,20
13,10,0.0,11.04,20
