idx,seq,priority,weight,size(ft)
4,1,0.0,7.05,20
5,2,1.1,13.87,20
6,3,0.5,9.34,20
7,4,0.0,17.06,20
8,5,1.0,12.07,20
9,6,0.1,13.16,20
10,7,0.30000000000000004,22.48,20
11,8,1.2000000000000002,10.61,20
12,9,0.2,10.37,20
13,10,0.7000000000000001,14.89,20
