idx,seq,priority,weight,size(ft)
4,1,0.8,4.72,20
5,2,0.1,12.69,20
6,3,0.7000000000000001,15.46,20
7,4,0.30000000000000004,22.68,20
8,5,1.1,13.53,20
9,6,1.0,10.56,20
10,7,0.4,11.73,20
11,8,1.2000000000000002,4.79,20
12,9,0.5,19.61,20
13,10,0.2,8.0,20
