idx,seq,priority,weight,size(ft)
4,1,0.2,3.72,20
5,2,0.8,19.99,20
6,3,0.6000000000000001,19.83,20
7,4,0.30000000000000004,14.01,20
8,5,0.4,9.07,20
9,6,0.5,3.19,20
10,7,1.1,16.7,20
11,8,1.3,3.79,20
12,9,0.1,13.59,20
13,10,0.9,22.2,20
