idx,seq,priority,weight,size(ft)
4,1,0.7000000000000001,10.06,20
5,2,0.30000000000000004,8.66,20
6,3,0.0,16.3,20
7,4,0.8,16.38,20
8,5,1.3,9.05,20
9,6,1.0,17.38,20
10,7,0.0,8.8,20
11,8,0.9,19.54,20
12,9,0.1,13.75,20
13,10,0.0,9.4,20
