idx,seq,priority,weight,size(ft)
4,1,0.6000000000000001,9.25,20
5,2,0.7000000000000001,22.24,20
6,3,0.1,4.14,20
7,4,0.0,12.51,20
8,5,1.2000000000000002,18.33,20
9,6,1.1,9.95,20
10,7,1.0,14.45,20
11,8,0.0,9.72,20
12,9,0.30000000000000004,11.08,20
13,10,0.0,11.51,20
