idx,seq,priority,weight,size(ft)
4,1,1.2000000000000002,3.01,20
5,2,1.3,18.68,20
6,3,0.9,4.0,20
7,4,0.8,11.58,20
8,5,0.4,10.98,20
9,6,0.7000000000000001,2.97,20
10,7,0.2,3.97,20
11,8,0.30000000000000004,21.36,20
12,9,0.1,9.44,20
13,10,0.0,22.53,20
