idx,seq,priority,weight,size(ft)
4,1,0.1,3.45,20
5,2,1.1,14.35,20
6,3,0.7000000000000001,8.65,20
7,4,0.8,4.71,20
8,5,0.2,18.9,20
9,6,0.6000000000000001,18.28,20
10,7,1.2000000000000002,9.9,20
11,8,0.5,7.38,20
12,9,0.0,23.03,20
13,10,1.0,22.82,20
