idx,seq,priority,weight,size(ft)
4,1,0.9,16.14,20
5,2,1.2000000000000002,9.64,20
6,3,0.30000000000000004,3.86,20
7,4,0.4,9.86,20
8,5,0.1,3.03,20
9,6,0.8,21.0,20
10,7,0.5,14.15,20
11,8,1.3,7.22,20
12,9,0.7000000000000001,23.26,20
13,10,1.1,5.79,20
