idx,seq,priority,weight,size(ft)
4,1,0.2,12.95,20
5,2,0.5,17.48,20
6,3,0.6000000000000001,4.01,20
7,4,0.30000000000000004,13.91,20
8,5,0.1,3.21,20
9,6,1.3,19.18,20
10,7,0.8,7.07,20
11,8,1.1,5.7,20
12,9,1.2000000000000002,8.88,20
13,10,0.7000000000000001,22.85,20
