idx,seq,priority,weight,size(ft)
4,1,0.8,3.58,20
5,2,0.5,5.66,20
6,3,0.9,9.0,20
7,4,0.1,4.47,20
8,5,0.0,11.85,20
9,6,0.4,21.5,20
10,7,0.30000000000000004,11.35,20
11,8,0.7000000000000001,19.96,20
12,9,0.6000000000000001,7.33,20
13,10,1.3,9.16,20
