idx,seq,priority,weight,size(ft)
4,1,0.9,15.31,20
5,2,0.1,9.08,20
6,3,0.8,18.77,20
7,4,0.0,23.04,20
8,5,0.30000000000000004,11.35,20
9,6,0.5,8.0,20
10,7,1.2000000000000002,8.47,20
11,8,0.2,8.48,20
12,9,0.0,15.81,20
13,10,1.1,22.35,20
