idx,loc_x,loc_y,loc_z,weight,priority,size(ft)
1,2,0,0,9.55,0.6000000000000001,20
2,2,0,1,7.21,0.9,20
3,3,0,0,5.66,1.2000000000000002,20
