idx,loc_x,loc_y,loc_z,weight,priority,size(ft)
1,5,0,0,23.65,1.2000000000000002,20
2,3,0,0,11.68,1.0,20
3,3,0,1,12.5,0.7000000000000001,20
