idx,loc_x,loc_y,loc_z,weight,group,score,seq,reloc,size(ft)
1,6,0,0,22.96,1,122.96000000000001,1,0,20
2,2,0,0,22.41,2,222.41,2,0,20
3,1,0,0,18.98,0,18.98,3,0,20
4,5,0,0,20.87,0,20.87,4,0,20
5,1,0,1,19.07,0,19.07,5,0,20
6,1,0,2,8.09,1,108.09,6,0,20
7,4,0,0,11.56,1,111.56,7,0,20
8,1,0,3,17.08,2,217.07999999999998,8,0,20
9,2,0,1,9.49,3,309.49,9,0,20
10,3,0,0,19.15,0,19.15,10,0,20
