idx,seq,priority,weight,size(ft)
1,1,0.7000000000000001,23.02,20
2,2,1.6,19.25,20
3,3,0.6000000000000001,6.36,20
4,4,0.1,22.52,20
5,5,0.8,14.24,20
6,6,1.8,6.51,20
7,7,1.3,10.32,20
8,8,1.4000000000000001,10.49,20
9,9,0.5,21.08,20
10,10,0.4,4.06,20
11,11,1.1,3.95,20
12,12,0.30000000000000004,13.42,20
13,13,1.0,17.59,20
14,14,1.2000000000000002,13.71,20
15,15,2.0,20.23,20
16,16,0.2,6.87,20
17,17,1.7000000000000002,10.1,20
18,18,0.0,22.04,20
19,19,1.9000000000000001,22.31,20
20,20,1.5,14.89,20
