idx,seq,priority,weight,size(ft)
1,1,0.8,11.09,20
2,2,0.9,19.48,20
3,3,1.5,4.36,20
4,4,1.9000000000000001,6.08,20
5,5,2.0,7.64,20
6,6,1.7000000000000002,4.53,20
7,7,1.1,9.05,20
8,8,1.4000000000000001,18.58,20
9,9,0.7000000000000001,15.6,20
10,10,1.6,18.38,20
11,11,1.2000000000000002,11.49,20
12,12,0.0,19.25,20
13,13,0.4,18.3,20
14,14,1.8,4.93,20
15,15,0.2,12.97,20
16,16,1.3,4.29,20
17,17,0.30000000000000004,16.8,20
18,18,0.0,4.69,20
19,19,0.1,14.64,20
20,20,1.0,22.87,20
