idx,seq,priority,weight,size(ft)
1,1,1.2000000000000002,18.93,20
2,2,2.0,14.83,20
3,3,0.9,6.02,20
4,4,0.7000000000000001,6.92,20
5,5,1.5,20.59,20
6,6,0.6000000000000001,22.0,20
7,7,1.4000000000000001,19.09,20
8,8,0.0,18.07,20
9,9,1.9000000000000001,15.61,20
10,10,1.6,7.7,20
11,11,0.1,5.79,20
12,12,1.7000000000000002,17.56,20
13,13,1.0,8.83,20
14,14,0.8,17.74,20
15,15,1.1,6.68,20
16,16,1.3,16.5,20
17,17,0.5,5.66,20
18,18,0.4,5.59,20
19,19,1.8,6.87,20
20,20,0.0,10.48,20
