idx,seq,priority,weight,size(ft)
1,1,0.9,11.26,20
2,2,0.0,6.69,20
3,3,1.7000000000000002,11.49,20
4,4,0.2,22.23,20
5,5,0.6000000000000001,4.32,20
6,6,0.7000000000000001,16.14,20
7,7,1.4000000000000001,10.05,20
8,8,2.0,18.96,20
9,9,0.1,13.51,20
10,10,1.1,6.92,20
11,11,0.5,10.55,20
12,12,0.4,23.71,20
13,13,1.5,23.46,20
14,14,1.8,14.94,20
15,15,1.0,19.75,20
16,16,1.3,5.06,20
17,17,0.30000000000000004,7.86,20
18,18,1.6,5.27,20
19,19,1.2000000000000002,4.12,20
20,20,1.9000000000000001,12.79,20
