idx,seq,priority,weight,size(ft)
1,1,1.3,17.32,20
2,2,1.2000000000000002,9.78,20
3,3,1.0,23.35,20
4,4,0.4,14.35,20
5,5,1.1,6.29,20
6,6,0.1,17.37,20
7,7,2.0,11.23,20
8,8,0.0,12.84,20
9,9,0.8,12.35,20
10,10,0.9,14.62,20
11,11,1.5,18.61,20
12,12,1.8,14.77,20
13,13,0.5,10.64,20
14,14,0.0,19.6,20
15,15,1.6,19.48,20
16,16,1.9000000000000001,9.82,20
17,17,0.7000000000000001,22.96,20
18,18,0.0,3.19,20
19,19,0.30000000000000004,6.98,20
20,20,0.0,20.02,20
