idx,seq,priority,weight,size(ft)
1,1,1.8,13.49,20
2,2,1.1,3.23,20
3,3,0.1,13.6,20
4,4,0.7000000000000001,4.46,20
5,5,0.4,9.81,20
6,6,1.2000000000000002,12.95,20
7,7,1.3,13.8,20
8,8,1.5,17.0,20
9,9,0.30000000000000004,8.14,20
10,10,0.8,3.92,20
11,11,0.2,8.88,20
12,12,1.7000000000000002,5.57,20
13,13,1.0,3.98,20
14,14,2.0,11.19,20
15,15,0.5,8.08,20
16,16,1.9000000000000001,3.9,20
17,17,0.6000000000000001,18.96,20
18,18,0.0,9.24,20
19,19,0.9,20.84,20
20,20,1.4000000000000001,17.51,20
