idx,seq,priority,weight,size(ft)
1,1,1.4000000000000001,18.07,20
2,2,2.0,23.33,20
3,3,1.5,18.86,20
4,4,0.6000000000000001,3.31,20
5,5,0.7000000000000001,10.9,20
6,6,0.9,13.45,20
7,7,0.30000000000000004,20.5,20
8,8,1.6,18.4,20
9,9,1.1,7.64,20
10,10,1.2000000000000002,10.15,20
11,11,1.0,20.66,20
12,12,0.2,16.36,20
13,13,1.8,6.76,20
14,14,0.1,3.31,20
15,15,0.4,14.56,20
16,16,1.7000000000000002,10.39,20
17,17,1.3,13.07,20
18,18,1.9000000000000001,16.3,20
19,19,0.8,14.91,20
20,20,0.5,10.98,20
