idx,seq,priority,weight,size(ft)
1,1,1.5,22.19,20
2,2,0.6000000000000001,15.79,20
3,3,1.0,10.77,20
4,4,0.7000000000000001,5.19,20
5,5,1.2000000000000002,5.12,20
6,6,0.30000000000000004,23.11,20
7,7,0.5,20.53,20
8,8,2.0,21.0,20
9,9,1.7000000000000002,19.82,20
10,10,0.1,7.42,20
11,11,0.0,4.93,20
12,12,1.8,19.96,20
13,13,1.4000000000000001,6.46,20
14,14,0.0,17.37,20
15,15,1.3,9.94,20
16,16,1.9000000000000001,12.67,20
17,17,0.0,10.45,20
18,18,1.1,5.03,20
19,19,1.6,3.55,20
20,20,0.2,18.47,20
