idx,seq,priority,weight,size(ft)
1,1,0.6000000000000001,9.53,20
2,2,2.0,5.51,20
3,3,0.5,14.04,20
4,4,0.1,14.61,20
5,5,1.0,15.96,20
6,6,0.2,18.19,20
7,7,1.4000000000000001,21.48,20
8,8,1.9000000000000001,14.9,20
9,9,0.0,10.43,20
10,10,0.0,19.85,20
11,11,1.8,23.23,20
12,12,1.3,13.32,20
13,13,0.4,8.69,20
14,14,0.30000000000000004,3.71,20
15,15,1.2000000000000002,8.75,20
16,16,1.1,16.66,20
17,17,1.5,20.43,20
18,18,1.6,6.56,20
19,19,0.8,20.04,20
20,20,0.9,15.98,20
