idx,seq,priority,weight,size(ft)
1,1,0.4,12.96,20
2,2,1.0,12.89,20
3,3,1.8,4.64,20
4,4,1.4000000000000001,9.78,20
5,5,2.0,16.4,20
6,6,1.1,11.24,20
7,7,0.5,13.5,20
8,8,1.3,13.45,20
9,9,1.2000000000000002,4.53,20
10,10,1.6,16.3,20
11,11,0.8,8.83,20
12,12,1.5,19.36,20
13,13,0.9,15.31,20
14,14,0.30000000000000004,11.18,20
15,15,0.7000000000000001,4.89,20
16,16,1.7000000000000002,16.26,20
17,17,0.6000000000000001,17.44,20
18,18,0.0,3.23,20
19,19,0.2,22.97,20
20,20,0.0,12.59,20
