idx,seq,priority,weight,size(ft)
1,1,0.7000000000000001,16.9,20
2,2,1.3,18.98,20
3,3,0.0,3.01,20
4,4,1.5,12.81,20
5,5,0.8,10.06,20
6,6,1.9000000000000001,23.9,20
7,7,0.5,4.18,20
8,8,0.30000000000000004,4.73,20
9,9,1.4000000000000001,16.92,20
10,10,0.6000000000000001,20.68,20
11,11,0.2,20.19,20
12,12,1.6,13.64,20
13,13,0.1,6.68,20
14,14,2.0,19.76,20
15,15,0.0,12.78,20
16,16,1.0,4.84,20
17,17,1.1,6.02,20
18,18,1.7000000000000002,23.86,20
19,19,1.2000000000000002,16.78,20
20,20,0.0,5.85,20
