idx,seq,priority,weight,size(ft)
1,1,0.0,11.15,20
2,2,0.2,3.12,20
3,3,1.9000000000000001,13.15,20
4,4,0.0,23.74,20
5,5,0.8,8.08,20
6,6,1.1,6.29,20
7,7,1.2000000000000002,22.81,20
8,8,0.0,11.21,20
9,9,0.4,22.19,20
10,10,2.0,20.59,20
11,11,0.1,8.35,20
12,12,1.4000000000000001,17.61,20
13,13,0.30000000000000004,4.31,20
14,14,0.5,18.47,20
15,15,0.0,11.93,20
16,16,0.7000000000000001,11.5,20
17,17,1.6,7.46,20
18,18,0.9,22.94,20
19,19,1.7000000000000002,13.87,20
20,20,1.8,11.76,20
