idx,seq,priority,weight,size(ft)
1,1,1.7000000000000002,5.92,20
2,2,0.5,7.4,20
3,3,1.3,5.31,20
4,4,1.8,14.82,20
5,5,0.2,10.9,20
6,6,1.4000000000000001,13.9,20
7,7,1.9000000000000001,18.06,20
8,8,0.0,8.18,20
9,9,1.5,17.53,20
10,10,1.1,12.47,20
11,11,0.1,14.01,20
12,12,2.0,11.97,20
13,13,0.4,5.76,20
14,14,0.7000000000000001,17.96,20
15,15,1.0,19.55,20
16,16,0.6000000000000001,8.39,20
17,17,1.2000000000000002,7.68,20
18,18,0.8,20.2,20
19,19,0.9,4.09,20
20,20,0.30000000000000004,23.54,20
