idx,seq,priority,weight,size(ft)
1,1,0.30000000000000004,15.22,20
2,2,0.5,17.78,20
3,3,1.4000000000000001,21.22,20
4,4,0.4,3.22,20
5,5,1.8,19.93,20
6,6,0.2,17.55,20
7,7,1.2000000000000002,23.56,20
8,8,1.3,23.6,20
9,9,0.1,14.69,20
10,10,0.9,9.94,20
11,11,1.0,17.54,20
12,12,1.9000000000000001,16.13,20
13,13,2.0,16.23,20
14,14,0.6000000000000001,17.87,20
15,15,1.5,17.45,20
16,16,0.8,11.26,20
17,17,1.1,9.46,20
18,18,1.6,15.7,20
19,19,0.7000000000000001,5.7,20
20,20,1.7000000000000002,7.6,20
