idx,seq,priority,weight,size(ft)
1,1,1.4000000000000001,16.95,20
2,2,1.9000000000000001,21.91,20
3,3,1.0,12.88,20
4,4,0.7000000000000001,20.47,20
5,5,0.6000000000000001,22.93,20
6,6,1.8,20.98,20
7,7,0.30000000000000004,9.77,20
8,8,0.9,21.4,20
9,9,1.5,16.33,20
10,10,0.8,17.17,20
11,11,0.4,19.08,20
12,12,0.0,18.43,20
13,13,0.0,16.63,20
14,14,2.0,3.04,20
15,15,1.3,5.23,20
16,16,0.2,8.72,20
17,17,0.0,16.81,20
18,18,0.5,3.11,20
19,19,1.6,6.17,20
20,20,1.1,7.7,20
