idx,seq,priority,weight,size(ft)
6,1,0.7000000000000001,22.29,20
7,2,0.9,18.28,20
8,3,1.2000000000000002,12.88,20
9,4,0.5,11.77,20
10,5,0.6000000000000001,10.54,20
11,6,0.2,20.79,20
12,7,0.0,22.17,20
13,8,0.8,10.28,20
14,9,1.3,3.45,20
15,10,1.8,22.72,20
16,11,1.1,14.71,20
17,12,1.6,8.4,20
18,13,1.4000000000000001,5.61,20
