idx,seq,priority,weight,size(ft)
6,1,1.5,3.39,20
7,2,0.0,10.1,20
8,3,1.3,8.09,20
9,4,0.0,18.62,20
10,5,0.0,19.19,20
11,6,0.7000000000000001,17.14,20
12,7,1.6,23.89,20
13,8,0.9,19.28,20
14,9,0.4,18.32,20
15,10,1.1,19.07,20
16,11,1.2000000000000002,20.14,20
17,12,1.8,12.36,20
18,13,0.0,21.12,20
