idx,seq,priority,weight,size(ft)
6,1,1.1,19.7,20
7,2,1.5,7.33,20
8,3,1.4000000000000001,23.42,20
9,4,0.30000000000000004,4.59,20
10,5,0.2,3.69,20
11,6,1.6,21.02,20
12,7,0.5,3.48,20
13,8,1.3,7.53,20
14,9,0.6000000000000001,10.98,20
15,10,1.2000000000000002,4.95,20
16,11,0.4,17.41,20
17,12,1.8,19.98,20
18,13,1.0,7.63,20
