idx,seq,priority,weight,size(ft)
6,1,1.2000000000000002,19.22,20
7,2,1.5,18.08,20
8,3,0.0,18.65,20
9,4,0.30000000000000004,10.22,20
10,5,1.6,15.61,20
11,6,0.9,19.9,20
12,7,0.2,5.01,20
13,8,1.3,5.85,20
14,9,0.0,11.59,20
15,10,1.0,20.39,20
16,11,1.7000000000000002,15.44,20
17,12,1.8,16.49,20
18,13,0.6000000000000001,17.87,20
