idx,seq,priority,weight,size(ft)
6,1,1.1,5.36,20
7,2,0.6000000000000001,20.79,20
8,3,0.0,18.44,20
9,4,1.7000000000000002,16.43,20
10,5,0.5,15.44,20
11,6,1.3,9.0,20
12,7,0.8,6.77,20
13,8,1.0,15.31,20
14,9,1.5,8.06,20
15,10,0.30000000000000004,23.83,20
16,11,1.8,13.67,20
17,12,0.4,5.4,20
18,13,1.2000000000000002,16.16,20
