idx,seq,priority,weight,size(ft)
6,1,0.7000000000000001,4.98,20
7,2,0.6000000000000001,21.69,20
8,3,0.4,23.78,20
9,4,0.0,15.28,20
10,5,1.0,5.92,20
11,6,0.30000000000000004,9.81,20
12,7,0.0,14.73,20
13,8,0.0,4.74,20
14,9,0.1,12.87,20
15,10,1.7000000000000002,7.06,20
16,11,1.3,20.56,20
17,12,1.1,6.85,20
18,13,0.0,20.77,20
