idx,seq,priority,weight,size(ft)
6,1,1.8,19.4,20
7,2,1.3,5.17,20
8,3,0.2,21.6,20
9,4,0.8,16.56,20
10,5,0.0,8.48,20
11,6,0.6000000000000001,4.85,20
12,7,0.0,23.59,20
13,8,0.1,9.21,20
14,9,0.0,22.79,20
15,10,0.7000000000000001,8.26,20
16,11,0.4,11.33,20
17,12,1.2000000000000002,22.81,20
18,13,1.4000000000000001,3.51,20
