idx,seq,priority,weight,size(ft)
6,1,0.8,11.87,20
7,2,0.7000000000000001,14.78,20
8,3,1.0,23.39,20
9,4,1.3,11.28,20
10,5,1.5,5.86,20
11,6,0.1,10.81,20
12,7,0.2,19.8,20
13,8,0.9,11.3,20
14,9,1.6,15.9,20
15,10,1.7000000000000002,16.92,20
16,11,1.2000000000000002,11.91,20
17,12,0.0,19.38,20
18,13,0.0,18.94,20
