idx,seq,priority,weight,size(ft)
6,1,0.5,8.34,20
7,2,0.1,20.75,20
8,3,1.7000000000000002,8.61,20
9,4,0.9,12.02,20
10,5,0.2,22.24,20
11,6,1.4000000000000001,15.32,20
12,7,0.30000000000000004,6.35,20
13,8,0.0,18.85,20
14,9,1.8,17.56,20
15,10,0.8,4.47,20
16,11,1.5,8.69,20
17,12,0.0,7.21,20
18,13,1.3,8.07,20
