idx,seq,priority,weight,size(ft)
6,1,1.1,12.95,20
7,2,0.0,8.42,20
8,3,1.7000000000000002,3.45,20
9,4,0.2,12.14,20
10,5,0.6000000000000001,9.23,20
11,6,1.6,13.07,20
12,7,0.30000000000000004,23.37,20
13,8,0.7000000000000001,20.04,20
14,9,1.2000000000000002,8.96,20
15,10,0.4,9.63,20
16,11,1.5,22.94,20
17,12,1.0,12.16,20
18,13,1.4000000000000001,12.75,20
