idx,seq,priority,weight,size(ft)
6,1,0.6000000000000001,3.72,20
7,2,0.30000000000000004,15.45,20
8,3,0.2,15.66,20
9,4,0.4,10.22,20
10,5,1.5,3.64,20
11,6,0.8,15.85,20
12,7,1.7000000000000002,16.44,20
13,8,0.0,17.28,20
14,9,1.1,7.57,20
15,10,1.6,20.67,20
16,11,1.3,22.78,20
17,12,0.0,5.44,20
18,13,0.0,22.5,20
