idx,seq,priority,weight,size(ft)
6,1,1.6,6.94,20
7,2,0.9,19.99,20
8,3,0.4,12.91,20
9,4,0.5,7.98,20
10,5,0.30000000000000004,5.26,20
11,6,0.7000000000000001,13.6,20
12,7,0.0,17.87,20
13,8,1.4000000000000001,15.86,20
14,9,0.0,9.89,20
15,10,1.3,16.68,20
16,11,1.8,18.83,20
17,12,0.0,16.17,20
18,13,1.7000000000000002,14.86,20
