idx,seq,priority,weight,size(ft)
6,1,0.5,18.7,20
7,2,0.1,4.41,20
8,3,1.0,5.59,20
9,4,0.6000000000000001,11.76,20
10,5,1.7000000000000002,5.49,20
11,6,1.1,11.47,20
12,7,0.30000000000000004,7.68,20
13,8,0.7000000000000001,13.96,20
14,9,0.8,11.03,20
15,10,1.4000000000000001,18.38,20
16,11,1.6,18.22,20
17,12,0.0,6.23,20
18,13,1.8,10.34,20
