idx,seq,priority,weight,size(ft)
6,1,1.7000000000000002,4.81,20
7,2,0.2,7.43,20
8,3,0.0,16.57,20
9,4,0.5,8.82,20
10,5,0.30000000000000004,6.27,20
11,6,0.7000000000000001,5.39,20
12,7,1.0,16.65,20
13,8,1.4000000000000001,17.69,20
14,9,0.1,21.75,20
15,10,1.2000000000000002,9.48,20
16,11,0.0,9.07,20
17,12,0.6000000000000001,20.31,20
18,13,1.3,5.9,20
