idx,seq,priority,weight,size(ft)
6,1,1.4000000000000001,22.05,20
7,2,0.4,21.15,20
8,3,1.3,14.63,20
9,4,1.7000000000000002,16.23,20
10,5,0.7000000000000001,4.53,20
11,6,0.1,9.23,20
12,7,1.8,20.21,20
13,8,0.0,12.47,20
14,9,0.5,20.17,20
15,10,0.9,16.89,20
16,11,0.8,5.26,20
17,12,1.6,9.51,20
18,13,0.0,12.97,20
