idx,loc_x,loc_y,loc_z,weight,priority,size(ft)
1,1,0,0,20.08,0.7000000000000001,20
2,1,0,1,14.6,0.8,20
3,1,0,2,20.84,0.9,20
4,4,0,0,22.48,0.1,20
5,2,0,0,22.24,1.7000000000000002,20
