idx,loc_x,loc_y,loc_z,weight,priority,size(ft)
1,5,0,0,12.57,0.6000000000000001,20
2,3,0,0,16.56,1.1,20
3,3,0,1,6.01,1.0,20
4,4,0,0,21.16,1.2000000000000002,20
5,5,0,1,21.92,0.2,20
