idx,loc_x,loc_y,loc_z,weight,priority,size(ft)
1,1,0,0,14.42,1.4000000000000001,20
2,5,0,0,14.46,1.1,20
3,4,0,0,19.69,1.8,20
4,2,0,0,22.57,0.30000000000000004,20
5,2,0,1,13.79,0.0,20
