idx,loc_x,loc_y,loc_z,weight,priority,size(ft)
1,5,0,0,14.27,0.2,20
2,4,0,0,3.25,0.6000000000000001,20
3,6,0,0,12.49,1.0,20
4,2,0,0,23.74,0.1,20
5,4,0,1,3.85,1.4000000000000001,20
