idx,loc_x,loc_y,loc_z,weight,priority,size(ft)
1,4,0,0,6.87,0.9,20
2,2,0,0,20.57,0.7000000000000001,20
3,6,0,0,6.24,0.1,20
4,6,0,1,10.66,1.4000000000000001,20
5,5,0,0,14.09,1.6,20
