idx,loc_x,loc_y,loc_z,weight,priority,size(ft)
1,5,0,0,15.43,1.7000000000000002,20
2,3,0,0,12.36,1.5,20
3,4,0,0,22.64,0.1,20
4,5,0,1,22.35,0.4,20
5,2,0,0,20.09,0.30000000000000004,20
