idx,seq,priority,weight,size(ft)
8,1,0.0,11.27,20
9,2,0.7000000000000001,9.09,20
10,3,0.4,10.19,20
11,4,1.4000000000000001,11.3,20
12,5,0.2,18.32,20
13,6,1.2000000000000002,4.74,20
14,7,0.8,17.04,20
15,8,1.3,23.03,20
16,9,0.5,9.59,20
17,10,1.6,14.47,20
