idx,seq,priority,weight,size(ft)
8,1,1.4000000000000001,20.34,20
9,2,0.0,18.05,20
10,3,1.2000000000000002,5.22,20
11,4,1.5,11.13,20
12,5,1.0,4.78,20
13,6,0.0,12.37,20
14,7,1.1,16.3,20
15,8,0.7000000000000001,9.26,20
16,9,0.6000000000000001,19.92,20
17,10,0.8,9.05,20
