idx,seq,priority,weight,size(ft)
8,1,1.5,21.89,20
9,2,0.1,18.12,20
10,3,0.9,18.21,20
11,4,1.2000000000000002,11.87,20
12,5,1.1,18.38,20
13,6,0.7000000000000001,7.13,20
14,7,0.4,9.4,20
15,8,0.0,22.49,20
16,9,1.3,20.06,20
17,10,0.5,23.45,20
