idx,seq,priority,weight,size(ft)
8,1,0.6000000000000001,19.38,20
9,2,1.3,16.55,20
10,3,0.9,5.15,20
11,4,1.0,13.24,20
12,5,0.30000000000000004,20.27,20
13,6,0.0,12.25,20
14,7,1.4000000000000001,19.05,20
15,8,1.5,21.88,20
16,9,1.7000000000000002,22.75,20
17,10,0.0,9.86,20
