idx,seq,priority,weight,size(ft)
8,1,0.4,9.85,20
9,2,0.2,8.68,20
10,3,0.0,7.66,20
11,4,0.9,13.03,20
12,5,1.2000000000000002,5.37,20
13,6,0.0,4.35,20
14,7,1.0,6.76,20
15,8,0.6000000000000001,19.22,20
16,9,0.0,12.97,20
17,10,1.6,7.68,20
