idx,seq,priority,weight,size(ft)
8,1,1.2000000000000002,9.69,20
9,2,1.1,16.16,20
10,3,0.2,16.93,20
11,4,1.0,9.14,20
12,5,1.6,14.62,20
13,6,1.4000000000000001,9.25,20
14,7,1.7000000000000002,17.45,20
15,8,0.30000000000000004,14.41,20
16,9,0.4,23.1,20
17,10,0.6000000000000001,8.1,20
