idx,seq,priority,weight,size(ft)
8,1,1.7000000000000002,8.65,20
9,2,1.4000000000000001,6.9,20
10,3,1.6,6.45,20
11,4,0.7000000000000001,9.67,20
12,5,0.9,19.68,20
13,6,1.2000000000000002,22.81,20
14,7,1.0,19.86,20
15,8,1.5,21.08,20
16,9,0.0,17.53,20
17,10,0.5,11.23,20
