idx,seq,priority,weight,size(ft)
8,1,1.5,17.03,20
9,2,0.5,15.5,20
10,3,0.4,23.88,20
11,4,0.0,23.24,20
12,5,1.2000000000000002,16.04,20
13,6,1.6,20.87,20
14,7,0.0,21.72,20
15,8,0.0,21.91,20
16,9,1.4000000000000001,3.66,20
17,10,1.3,4.15,20
