idx,seq,priority,weight,size(ft)
8,1,1.0,23.37,20
9,2,0.7000000000000001,18.11,20
10,3,0.9,6.58,20
11,4,1.1,6.57,20
12,5,1.3,15.78,20
13,6,1.2000000000000002,18.02,20
14,7,1.5,10.54,20
15,8,0.0,20.17,20
16,9,0.6000000000000001,19.79,20
17,10,0.0,18.04,20
