idx,seq,priority,weight,size(ft)
8,1,1.0,3.32,20
9,2,1.1,6.68,20
10,3,0.7000000000000001,4.59,20
11,4,1.2000000000000002,8.63,20
12,5,1.6,6.81,20
13,6,0.8,8.89,20
14,7,0.6000000000000001,16.72,20
15,8,0.0,3.83,20
16,9,1.7000000000000002,9.99,20
17,10,0.0,16.23,20
