idx,seq,priority,weight,size(ft)
8,1,0.8,6.24,20
9,2,0.2,17.92,20
10,3,1.3,3.0,20
11,4,0.30000000000000004,16.79,20
12,5,0.7000000000000001,13.24,20
13,6,1.1,16.98,20
14,7,1.0,12.44,20
15,8,0.4,10.23,20
16,9,0.9,18.3,20
17,10,0.0,15.32,20
