idx,seq,priority,weight,size(ft)
8,1,1.2000000000000002,14.06,20
9,2,0.6000000000000001,20.56,20
10,3,0.30000000000000004,15.93,20
11,4,0.5,8.53,20
12,5,0.9,21.67,20
13,6,1.3,13.17,20
14,7,0.0,8.5,20
15,8,0.7000000000000001,7.52,20
16,9,1.7000000000000002,18.4,20
17,10,0.0,13.94,20
