idx,seq,priority,weight,size(ft)
8,1,1.3,11.36,20
9,2,0.1,22.51,20
10,3,0.7000000000000001,18.67,20
11,4,0.9,22.01,20
12,5,0.5,15.93,20
13,6,1.7000000000000002,14.32,20
14,7,0.30000000000000004,13.78,20
15,8,0.6000000000000001,3.31,20
16,9,0.8,10.45,20
17,10,0.0,12.01,20
