idx,seq,priority,weight,size(ft)
8,1,1.0,9.55,20
9,2,0.30000000000000004,17.06,20
10,3,1.6,12.31,20
11,4,0.5,22.17,20
12,5,1.7000000000000002,3.83,20
13,6,0.2,20.09,20
14,7,0.4,8.58,20
15,8,1.5,7.22,20
16,9,0.9,15.14,20
17,10,1.3,5.9,20
