idx,seq,priority,weight,size(ft)
8,1,0.7000000000000001,20.38,20
9,2,0.2,11.03,20
10,3,0.6000000000000001,5.6,20
11,4,1.6,21.97,20
12,5,0.8,22.96,20
13,6,0.30000000000000004,8.35,20
14,7,1.4000000000000001,3.82,20
15,8,1.7000000000000002,18.12,20
16,9,1.0,20.32,20
17,10,1.2000000000000002,19.54,20
