idx,loc_x,loc_y,loc_z,weight,priority,size(ft)
1,3,0,0,10.74,0.30000000000000004,20
2,1,0,0,18.54,1.3,20
3,1,0,1,19.54,0.2,20
4,4,0,0,8.49,0.4,20
5,5,0,0,19.21,1.7000000000000002,20
6,3,0,1,12.1,1.6,20
7,2,0,0,20.84,0.1,20
