idx,loc_x,loc_y,loc_z,weight,priority,size(ft)
1,2,0,0,19.89,1.7000000000000002,20
2,6,0,0,7.25,0.2,20
3,4,0,0,7.05,0.8,20
4,6,0,1,18.99,0.9,20
5,6,0,2,8.29,1.1,20
6,3,0,0,21.25,0.6000000000000001,20
7,1,0,0,10.71,1.0,20
