idx,loc_x,loc_y,loc_z,weight,priority,size(ft)
1,5,0,0,5.52,1.4000000000000001,20
2,4,0,0,18.78,0.30000000000000004,20
3,5,0,1,8.26,0.8,20
4,5,0,2,15.27,1.0,20
5,6,0,0,16.84,0.6000000000000001,20
6,5,0,3,22.12,0.2,20
7,1,0,0,18.38,1.7000000000000002,20
