idx,loc_x,loc_y,loc_z,weight,priority,size(ft)
1,2,0,0,16.54,0.9,20
2,6,0,0,16.28,1.1,20
3,4,0,0,4.35,0.1,20
4,2,0,1,4.85,0.30000000000000004,20
5,4,0,1,17.25,1.0,20
6,2,0,2,5.84,0.6000000000000001,20
7,1,0,0,9.1,1.7000000000000002,20
