idx,loc_x,loc_y,loc_z,weight,priority,size(ft)
1,6,0,0,16.75,1.4000000000000001,20
2,6,0,1,4.5,1.3,20
3,1,0,0,13.12,0.30000000000000004,20
4,2,0,0,5.94,0.5,20
5,4,0,0,23.55,0.0,20
6,4,0,1,19.1,1.5,20
7,5,0,0,23.66,0.2,20
