idx,loc_x,loc_y,loc_z,weight,priority,size(ft)
1,6,0,0,14.0,1.4000000000000001,20
2,1,0,0,10.3,1.7000000000000002,20
3,3,0,0,20.8,1.2000000000000002,20
4,2,0,0,3.29,1.6,20
5,6,0,1,18.56,1.5,20
6,5,0,0,15.37,0.5,20
7,2,0,1,16.92,0.1,20
