idx,loc_x,loc_y,loc_z,weight,priority,size(ft)
1,3,0,0,13.3,1.1,20
2,2,0,0,17.31,0.1,20
3,5,0,0,15.59,0.6000000000000001,20
4,1,0,0,23.44,0.7000000000000001,20
5,1,0,1,15.83,1.4000000000000001,20
6,6,0,0,9.53,0.8,20
7,3,0,1,12.83,1.2000000000000002,20
