idx,loc_x,loc_y,loc_z,weight,priority,size(ft)
1,5,0,0,21.87,1.4000000000000001,20
2,5,0,1,21.84,0.30000000000000004,20
3,6,0,0,16.0,0.1,20
4,4,0,0,5.91,0.0,20
5,4,0,1,19.73,0.7000000000000001,20
6,2,0,0,4.45,1.5,20
7,2,0,1,22.51,1.3,20
