idx,loc_x,loc_y,loc_z,weight,priority,size(ft)
1,2,0,0,3.55,1.4000000000000001,20
2,4,0,0,22.32,1.1,20
3,3,0,0,14.64,1.6,20
4,4,0,1,7.56,1.0,20
5,2,0,1,21.97,0.2,20
6,1,0,0,23.89,1.2000000000000002,20
7,4,0,2,8.35,1.5,20
