idx,seq,priority,weight,size(ft)
6,1,1.3,11.07,20
7,2,0.2,8.61,20
8,3,2.0,5.53,20
9,4,1.9000000000000001,18.54,20
10,5,2.1,4.0,20
11,6,2.3000000000000003,19.72,20
12,7,0.7000000000000001,18.4,20
13,8,1.0,23.23,20
14,9,0.5,8.88,20
15,10,2.5,9.98,20
16,11,1.6,14.06,20
17,12,0.6000000000000001,11.75,20
18,13,0.9,14.46,20
19,14,0.0,15.68,20
20,15,1.1,3.25,20
21,16,2.4000000000000004,7.72,20
22,17,0.0,15.29,20
23,18,1.7000000000000002,21.33,20
24,19,2.2,5.8,20
25,20,1.8,13.33,20
