idx,seq,priority,weight,size(ft)
6,1,0.1,15.55,20
7,2,1.2000000000000002,22.07,20
8,3,1.5,11.88,20
9,4,2.1,12.6,20
10,5,0.5,15.38,20
11,6,0.9,5.07,20
12,7,1.6,6.6,20
13,8,2.4000000000000004,3.02,20
14,9,0.30000000000000004,4.11,20
15,10,0.4,21.66,20
16,11,1.3,4.26,20
17,12,1.1,3.69,20
18,13,1.8,15.03,20
19,14,0.0,16.98,20
20,15,0.7000000000000001,18.01,20
21,16,0.2,16.16,20
22,17,1.4000000000000001,5.25,20
23,18,2.3000000000000003,13.97,20
24,19,2.0,18.3,20
25,20,0.8,22.04,20
