idx,seq,priority,weight,size(ft)
6,1,1.0,7.69,20
7,2,0.0,21.43,20
8,3,2.4000000000000004,22.83,20
9,4,0.7000000000000001,12.07,20
10,5,1.7000000000000002,13.18,20
11,6,0.8,22.51,20
12,7,2.5,10.7,20
13,8,1.8,3.75,20
14,9,0.4,7.57,20
15,10,1.1,13.67,20
16,11,0.30000000000000004,8.98,20
17,12,2.0,15.6,20
18,13,0.1,10.43,20
19,14,1.2000000000000002,12.34,20
20,15,0.5,11.3,20
21,16,2.3000000000000003,14.65,20
22,17,0.0,21.15,20
23,18,1.5,22.63,20
24,19,0.0,15.94,20
25,20,0.0,5.03,20
