idx,seq,priority,weight,size(ft)
6,1,0.5,14.93,20
7,2,0.2,5.51,20
8,3,0.8,8.1,20
9,4,1.5,22.26,20
10,5,2.2,16.93,20
11,6,2.5,22.99,20
12,7,0.6000000000000001,18.51,20
13,8,2.0,13.64,20
14,9,2.1,11.78,20
15,10,1.6,22.45,20
16,11,1.7000000000000002,4.16,20
17,12,0.9,7.28,20
18,13,0.1,9.52,20
19,14,0.0,17.68,20
20,15,0.30000000000000004,6.06,20
21,16,1.2000000000000002,12.85,20
22,17,1.9000000000000001,22.29,20
23,18,0.0,23.96,20
24,19,1.3,23.49,20
25,20,0.0,22.45,20
