idx,seq,priority,weight,size(ft)
6,1,0.8,3.55,20
7,2,1.2000000000000002,21.46,20
8,3,1.5,20.15,20
9,4,1.1,10.57,20
10,5,2.1,3.86,20
11,6,0.4,4.76,20
12,7,0.5,14.92,20
13,8,0.2,18.81,20
14,9,0.0,17.59,20
15,10,1.4000000000000001,12.26,20
16,11,1.6,14.44,20
17,12,0.1,7.13,20
18,13,2.2,9.08,20
19,14,0.0,18.62,20
20,15,2.4000000000000004,7.2,20
21,16,1.3,4.51,20
22,17,0.7000000000000001,15.84,20
23,18,1.0,17.71,20
24,19,1.7000000000000002,11.27,20
25,20,0.0,8.03,20
