idx,seq,priority,weight,size(ft)
6,1,0.9,3.02,20
7,2,1.1,10.65,20
8,3,1.8,15.1,20
9,4,0.5,11.15,20
10,5,0.2,19.65,20
11,6,0.1,12.33,20
12,7,2.0,11.95,20
13,8,0.0,19.68,20
14,9,1.7000000000000002,20.06,20
15,10,0.8,5.12,20
16,11,1.5,7.42,20
17,12,0.4,14.8,20
18,13,0.0,19.77,20
19,14,1.2000000000000002,12.34,20
20,15,2.4000000000000004,23.1,20
21,16,1.4000000000000001,18.92,20
22,17,2.2,5.49,20
23,18,1.0,10.32,20
24,19,1.6,20.13,20
25,20,1.9000000000000001,21.8,20
