idx,seq,priority,weight,size(ft)
6,1,0.1,8.21,20
7,2,0.8,4.41,20
8,3,1.0,14.04,20
9,4,2.3000000000000003,21.17,20
10,5,1.4000000000000001,9.94,20
11,6,0.5,11.63,20
12,7,1.6,20.24,20
13,8,0.9,14.4,20
14,9,0.4,18.36,20
15,10,0.2,12.66,20
16,11,2.1,14.45,20
17,12,0.6000000000000001,17.73,20
18,13,0.7000000000000001,10.96,20
19,14,1.1,18.72,20
20,15,1.3,14.61,20
21,16,0.0,11.63,20
22,17,2.5,6.08,20
23,18,0.0,6.34,20
24,19,1.2000000000000002,19.28,20
25,20,2.2,19.16,20
