idx,seq,priority,weight,size(ft)
6,1,0.6000000000000001,10.2,20
7,2,2.4000000000000004,15.12,20
8,3,0.1,17.19,20
9,4,1.9000000000000001,21.92,20
10,5,0.4,6.04,20
11,6,1.1,16.93,20
12,7,1.0,10.85,20
13,8,2.5,7.67,20
14,9,2.0,6.47,20
15,10,2.3000000000000003,8.86,20
16,11,0.8,4.18,20
17,12,1.7000000000000002,9.83,20
18,13,2.2,12.29,20
19,14,0.7000000000000001,3.82,20
20,15,1.6,17.36,20
21,16,0.9,14.57,20
22,17,0.0,8.35,20
23,18,1.8,21.68,20
24,19,0.30000000000000004,18.06,20
25,20,0.2,16.9,20
