idx,seq,priority,weight,size(ft)
6,1,2.2,9.96,20
7,2,0.6000000000000001,11.1,20
8,3,1.9000000000000001,14.65,20
9,4,0.30000000000000004,5.3,20
10,5,0.0,14.23,20
11,6,0.1,14.9,20
12,7,1.4000000000000001,10.02,20
13,8,2.0,15.72,20
14,9,0.9,23.23,20
15,10,1.6,22.46,20
16,11,0.5,20.64,20
17,12,1.0,4.57,20
18,13,0.8,4.66,20
19,14,1.3,11.72,20
20,15,0.2,18.81,20
21,16,2.4000000000000004,15.68,20
22,17,0.0,3.09,20
23,18,0.0,12.21,20
24,19,2.1,19.57,20
25,20,0.4,10.62,20
