idx,seq,priority,weight,size(ft)
6,1,0.0,22.14,20
7,2,2.5,13.44,20
8,3,2.2,11.65,20
9,4,2.3000000000000003,16.2,20
10,5,1.8,17.48,20
11,6,0.8,3.25,20
12,7,2.4000000000000004,21.42,20
13,8,1.9000000000000001,9.32,20
14,9,0.0,12.67,20
15,10,0.1,6.99,20
16,11,1.4000000000000001,20.9,20
17,12,0.5,4.59,20
18,13,0.7000000000000001,14.47,20
19,14,1.3,6.88,20
20,15,1.1,17.38,20
21,16,2.0,21.85,20
22,17,0.2,15.3,20
23,18,1.2000000000000002,3.36,20
24,19,2.1,15.27,20
25,20,1.7000000000000002,6.02,20
