idx,seq,priority,weight,size(ft)
6,1,0.0,8.61,20
7,2,2.3000000000000003,17.7,20
8,3,1.3,12.09,20
9,4,1.0,7.86,20
10,5,0.2,19.21,20
11,6,0.9,18.76,20
12,7,0.30000000000000004,3.28,20
13,8,1.8,18.4,20
14,9,0.0,10.07,20
15,10,1.4000000000000001,4.81,20
16,11,1.7000000000000002,8.35,20
17,12,0.8,20.03,20
18,13,0.5,21.79,20
19,14,2.5,3.4,20
20,15,2.0,18.48,20
21,16,1.5,3.4,20
22,17,0.4,11.62,20
23,18,2.4000000000000004,10.3,20
24,19,1.2000000000000002,3.28,20
25,20,1.1,11.27,20
