idx,loc_x,loc_y,loc_z,weight,priority,size(ft)
1,6,0,0,22.66,0.7000000000000001,20
2,4,0,0,11.54,1.8,20
3,5,0,0,7.47,1.2000000000000002,20
4,3,0,0,21.37,1.5,20
5,1,0,0,21.13,1.1,20
