idx,loc_x,loc_y,loc_z,weight,priority,size(ft)
1,6,0,0,14.36,1.8,20
2,5,0,0,21.63,1.1,20
3,2,0,0,10.26,1.0,20
4,2,0,1,23.28,1.4000000000000001,20
5,1,0,0,21.58,0.7000000000000001,20
