idx,loc_x,loc_y,loc_z,weight,priority,size(ft)
1,4,0,0,20.5,2.2,20
2,5,0,0,9.29,1.9000000000000001,20
3,4,0,1,6.12,0.2,20
4,2,0,0,7.41,0.6000000000000001,20
5,3,0,0,6.22,1.8,20
