idx,loc_x,loc_y,loc_z,weight,priority,size(ft)
1,5,0,0,10.88,0.30000000000000004,20
2,1,0,0,9.45,1.9000000000000001,20
3,6,0,0,9.77,2.0,20
4,1,0,1,17.3,1.5,20
5,5,0,1,14.73,2.4000000000000004,20
