idx,loc_x,loc_y,loc_z,weight,priority,size(ft)
1,6,0,0,22.54,1.6,20
2,6,0,1,13.4,2.1,20
3,2,0,0,3.46,0.7000000000000001,20
4,6,0,2,23.42,0.6000000000000001,20
5,4,0,0,8.35,1.9000000000000001,20
