idx,loc_x,loc_y,loc_z,weight,priority,size(ft)
1,4,0,0,9.59,1.4000000000000001,20
2,1,0,0,13.69,0.30000000000000004,20
3,6,0,0,5.82,0.4,20
4,2,0,0,11.18,1.5,20
5,3,0,0,5.69,0.1,20
