idx,loc_x,loc_y,loc_z,weight,priority,size(ft)
1,1,0,0,12.54,1.6,20
2,2,0,0,20.14,1.4000000000000001,20
3,1,0,1,8.91,0.9,20
4,3,0,0,7.37,2.1,20
5,5,0,0,20.68,0.6000000000000001,20
