idx,loc_x,loc_y,loc_z,weight,priority,size(ft)
1,4,0,0,7.65,1.2000000000000002,20
2,1,0,0,3.58,2.1,20
3,5,0,0,13.23,0.5,20
4,3,0,0,19.93,1.4000000000000001,20
5,4,0,1,9.27,1.5,20
