idx,loc_x,loc_y,loc_z,weight,priority,size(ft)
1,3,0,0,21.77,2.3000000000000003,20
2,5,0,0,14.37,0.6000000000000001,20
3,1,0,0,13.58,2.5,20
4,5,0,1,20.2,1.9000000000000001,20
5,4,0,0,5.49,2.0,20
