idx,loc_x,loc_y,loc_z,weight,priority,size(ft)
1,2,0,0,9.82,1.3,20
2,3,0,0,22.31,2.3000000000000003,20
3,6,0,0,12.3,2.5,20
4,3,0,1,22.74,0.30000000000000004,20
5,6,0,1,10.34,0.6000000000000001,20
