idx,loc_x,loc_y,loc_z,weight,seq,emerg,reloc,size(ft)
1,1,0,0,23.72,0,0,1.0,20
2,3,0,0,18.37,0,0,1.0,20
3,2,0,0,12.0,1,0,0.9999999999999956,20
4,2,0,1,11.11,2,0,0.9999999999999956,20
5,1,0,1,5.24,3,0,1.0,20
