idx,loc_x,loc_y,loc_z,weight,group,score,seq,reloc,size(ft)
1,1,0,0,10.76,0,10.76,1,0,20
2,1,0,1,13.07,0,13.07,2,0,20
3,2,0,0,12.85,0,12.85,3,0,20
4,3,0,0,18.24,0,18.24,4,0,20
5,1,0,2,22.2,0,22.2,5,0,20
6,2,0,1,14.39,0,14.39,6,0.9999999999999716,20
7,2,0,2,14.19,0,14.19,7,0.9999999999999714,20
