idx,loc_x,loc_y,loc_z,weight,group,score,seq,reloc,size(ft)
1,1,0,0,6.94,0,6.94,1,0.9999999999999984,20
2,3,0,0,18.36,0,18.36,2,1.0000000000000862,20
3,1,0,1,19.14,0,19.14,3,0.9999999999999984,20
4,1,0,2,14.08,0,14.08,4,0.9999999999999984,20
5,3,0,1,5.46,0,5.46,5,1.0000000000000862,20
6,2,0,0,13.71,0,13.71,6,1.0,20
7,2,0,1,16.56,0,16.56,7,1.0,20
