idx,loc_x,loc_y,loc_z,weight,group,score,seq,reloc,size(ft)
1,3,0,0,9.09,0,9.09,0,0,20
2,4,0,0,18.52,0,18.52,0,0,20
3,1,0,0,23.29,0,23.29,1,0.9999999999999707,20
4,1,0,1,5.73,0,5.73,2,0.9999999999999707,20
5,3,0,1,21.97,0,21.97,3,0,20
6,1,0,2,17.21,0,17.21,4,0.9999999999999705,20
7,2,0,0,7.39,0,7.39,5,0,20
