idx,loc_x,loc_y,loc_z,weight,seq,emerg,reloc,size(ft)
1,3,0,0,23.99,0,0,1.0,20
2,5,0,0,13.33,0,0,0,20
3,1,0,0,11.64,1,0,0,20
4,1,0,1,19.28,2,0,0,20
5,3,0,1,19.69,3,0,1.0,20
6,2,0,0,20.7,4,0,1.0000000000000142,20
7,2,0,1,14.41,5,0,1.0000000000000142,20
