idx,loc_x,loc_y,loc_z,weight,seq,emerg,reloc,size(ft)
1,6,0,0,23.02,0,0,1.0,20
2,1,0,0,19.52,0,0,1.0,20
3,6,0,1,16.85,0,0,1.0,20
4,3,0,0,21.8,1,0,0.9999999999999999,20
5,2,0,0,20.2,2,0,1.0,20
6,2,0,1,19.27,3,0,1.0,20
7,2,0,2,10.11,4,0,1.0,20
8,3,0,1,22.12,5,0,0.9999999999999999,20
9,3,0,2,20.31,6,0,1.0,20
10,1,0,1,5.21,7,0,1.0,20
11,2,0,3,19.75,8,0,1.0,20
12,5,0,0,23.44,9,0,0,20
13,1,0,2,5.07,10,0,1.0,20
14,4,0,0,8.15,11,0,0,20
15,4,0,1,15.74,12,0,0,20
