idx,seq,priority,weight,size(ft)
6,1,2.0,6.6,20
7,2,0.0,19.47,20
8,3,1.8,9.24,20
9,4,0.6000000000000001,3.64,20
10,5,0.4,9.25,20
11,6,1.4000000000000001,18.26,20
12,7,0.5,5.84,20
13,8,0.7000000000000001,15.88,20
14,9,1.3,7.39,20
15,10,0.9,7.02,20
16,11,1.6,9.37,20
17,12,0.1,8.45,20
18,13,0.0,16.75,20
19,14,1.1,16.11,20
20,15,0.8,8.06,20
