idx,seq,priority,weight,size(ft)
6,1,0.9,8.78,20
7,2,0.8,19.09,20
8,3,0.7000000000000001,9.64,20
9,4,1.2000000000000002,16.11,20
10,5,0.2,3.56,20
11,6,0.6000000000000001,12.9,20
12,7,1.1,4.75,20
13,8,1.0,20.82,20
14,9,0.30000000000000004,6.91,20
15,10,1.9000000000000001,11.15,20
16,11,1.7000000000000002,13.69,20
17,12,0.4,17.85,20
18,13,0.0,3.55,20
19,14,1.8,19.19,20
20,15,2.0,5.78,20
