idx,seq,priority,weight,size(ft)
6,1,0.1,4.82,20
7,2,0.5,17.39,20
8,3,0.7000000000000001,13.88,20
9,4,0.30000000000000004,9.58,20
10,5,1.8,10.59,20
11,6,0.4,16.59,20
12,7,1.1,6.61,20
13,8,1.6,13.2,20
14,9,1.4000000000000001,14.89,20
15,10,0.9,7.97,20
16,11,1.5,3.33,20
17,12,1.2000000000000002,6.0,20
18,13,1.3,16.31,20
19,14,0.8,19.74,20
20,15,0.0,16.89,20
