idx,seq,priority,weight,size(ft)
6,1,1.0,21.66,20
7,2,0.1,14.68,20
8,3,0.8,4.83,20
9,4,1.9000000000000001,9.0,20
10,5,1.4000000000000001,3.83,20
11,6,1.6,3.45,20
12,7,1.2000000000000002,16.29,20
13,8,1.1,22.01,20
14,9,0.4,10.14,20
15,10,1.7000000000000002,6.95,20
16,11,0.0,12.16,20
17,12,0.6000000000000001,22.23,20
18,13,1.8,10.53,20
19,14,0.9,22.49,20
20,15,1.3,4.01,20
