idx,seq,priority,weight,size(ft)
6,1,0.2,4.8,20
7,2,1.2000000000000002,23.17,20
8,3,0.7000000000000001,10.12,20
9,4,1.9000000000000001,15.08,20
10,5,1.1,12.93,20
11,6,0.1,12.45,20
12,7,0.30000000000000004,8.2,20
13,8,2.0,5.2,20
14,9,0.8,15.46,20
15,10,1.6,5.62,20
16,11,0.9,18.01,20
17,12,1.3,18.36,20
18,13,1.5,4.23,20
19,14,0.6000000000000001,15.44,20
20,15,0.0,13.49,20
