idx,seq,priority,weight,size(ft)
6,1,0.7000000000000001,16.68,20
7,2,1.0,20.04,20
8,3,0.8,6.96,20
9,4,1.5,5.04,20
10,5,1.4000000000000001,15.67,20
11,6,1.6,15.45,20
12,7,0.1,15.62,20
13,8,1.2000000000000002,23.63,20
14,9,1.1,7.82,20
15,10,2.0,4.26,20
16,11,0.0,4.57,20
17,12,1.3,9.74,20
18,13,0.9,8.58,20
19,14,0.0,20.87,20
20,15,0.5,4.55,20
