idx,seq,priority,weight,size(ft)
6,1,1.5,4.41,20
7,2,0.5,10.92,20
8,3,1.9000000000000001,20.78,20
9,4,0.0,7.85,20
10,5,2.0,11.27,20
11,6,0.0,21.86,20
12,7,0.0,22.4,20
13,8,0.6000000000000001,4.35,20
14,9,0.4,22.04,20
15,10,0.30000000000000004,9.31,20
16,11,1.2000000000000002,3.21,20
17,12,1.8,4.76,20
18,13,1.6,20.98,20
19,14,0.0,14.56,20
20,15,1.3,20.09,20
