idx,seq,priority,weight,size(ft)
6,1,0.6000000000000001,3.97,20
7,2,1.4000000000000001,6.08,20
8,3,0.2,22.41,20
9,4,0.4,20.69,20
10,5,1.7000000000000002,11.89,20
11,6,2.0,10.83,20
12,7,0.7000000000000001,3.76,20
13,8,1.2000000000000002,18.7,20
14,9,1.1,17.97,20
15,10,1.9000000000000001,6.79,20
16,11,1.3,4.66,20
17,12,1.6,9.29,20
18,13,0.1,19.07,20
19,14,0.0,22.39,20
20,15,0.9,13.56,20
