idx,seq,priority,weight,size(ft)
6,1,0.0,8.71,20
7,2,1.9000000000000001,16.15,20
8,3,0.5,22.33,20
9,4,1.7000000000000002,13.97,20
10,5,1.0,18.24,20
11,6,0.30000000000000004,3.69,20
12,7,0.7000000000000001,16.14,20
13,8,1.5,14.67,20
14,9,1.3,12.35,20
15,10,0.4,13.29,20
16,11,1.6,7.22,20
17,12,0.8,4.09,20
18,13,0.2,19.85,20
19,14,1.4000000000000001,17.54,20
20,15,1.1,5.34,20
