idx,seq,priority,weight,size(ft)
6,1,1.1,8.86,20
7,2,0.0,14.57,20
8,3,0.9,18.6,20
9,4,1.7000000000000002,4.76,20
10,5,0.8,7.25,20
11,6,0.6000000000000001,5.58,20
12,7,0.4,23.38,20
13,8,1.8,10.49,20
14,9,1.2000000000000002,17.71,20
15,10,0.0,20.92,20
16,11,1.0,12.22,20
17,12,0.5,18.79,20
18,13,1.6,7.96,20
19,14,0.0,19.2,20
20,15,0.7000000000000001,23.1,20
