idx,seq,priority,weight,size(ft)
6,1,0.2,20.48,20
7,2,1.7000000000000002,18.85,20
8,3,0.8,22.26,20
9,4,1.6,10.85,20
10,5,0.6000000000000001,5.16,20
11,6,2.0,8.01,20
12,7,0.1,13.08,20
13,8,1.8,19.7,20
14,9,0.0,21.6,20
15,10,1.1,18.45,20
16,11,0.30000000000000004,14.65,20
17,12,0.5,8.25,20
18,13,0.4,13.69,20
19,14,1.3,10.39,20
20,15,0.0,15.19,20
