idx,seq,priority,weight,size(ft)
6,1,0.4,21.75,20
7,2,0.0,11.92,20
8,3,0.2,7.07,20
9,4,2.0,23.18,20
10,5,0.9,21.28,20
11,6,0.30000000000000004,23.84,20
12,7,1.6,19.04,20
13,8,1.7000000000000002,17.6,20
14,9,1.2000000000000002,5.11,20
15,10,1.1,18.29,20
16,11,0.1,15.16,20
17,12,1.5,14.87,20
18,13,0.0,14.8,20
19,14,0.5,12.83,20
20,15,1.9000000000000001,9.67,20
