idx,seq,priority,weight,size(ft)
6,1,1.8,12.11,20
7,2,1.7000000000000002,7.41,20
8,3,1.3,10.48,20
9,4,1.6,3.72,20
10,5,2.0,21.7,20
11,6,0.6000000000000001,12.96,20
12,7,1.1,10.74,20
13,8,0.9,13.78,20
14,9,0.0,19.28,20
15,10,1.5,13.55,20
16,11,0.30000000000000004,20.47,20
17,12,1.9000000000000001,13.77,20
18,13,0.5,12.78,20
19,14,0.0,8.41,20
20,15,0.2,17.41,20
