idx,seq,priority,weight,size(ft)
6,1,1.2000000000000002,20.65,20
7,2,1.5,7.18,20
8,3,0.0,13.34,20
9,4,0.2,19.0,20
10,5,1.1,7.27,20
11,6,1.6,4.81,20
12,7,0.7000000000000001,5.43,20
13,8,2.0,14.11,20
14,9,1.0,12.17,20
15,10,0.0,23.15,20
16,11,0.0,22.51,20
17,12,0.9,21.53,20
18,13,1.4000000000000001,21.95,20
19,14,0.6000000000000001,5.92,20
20,15,1.3,22.65,20
