idx,seq,priority,weight,size(ft)
6,1,1.4000000000000001,6.91,20
7,2,1.0,19.43,20
8,3,1.9000000000000001,19.93,20
9,4,1.6,22.13,20
10,5,1.8,11.35,20
11,6,0.30000000000000004,15.43,20
12,7,1.1,17.3,20
13,8,0.8,22.46,20
14,9,1.7000000000000002,15.12,20
15,10,0.0,18.01,20
16,11,1.2000000000000002,14.57,20
17,12,1.3,21.11,20
18,13,0.9,15.24,20
19,14,0.6000000000000001,14.39,20
20,15,0.0,16.58,20
