idx,loc_x,loc_y,loc_z,weight,priority,size(ft)
1,1,0,0,8.8,1.0,20
2,3,0,0,17.29,1.8,20
3,4,0,0,9.68,1.3,20
4,5,0,0,10.82,1.4000000000000001,20
5,2,0,0,15.84,0.7000000000000001,20
