idx,loc_x,loc_y,loc_z,weight,priority,size(ft)
1,5,0,0,15.86,1.0,20
2,4,0,0,14.51,0.0,20
3,1,0,0,8.26,0.6000000000000001,20
4,6,0,0,17.08,1.9000000000000001,20
5,6,0,1,14.64,0.2,20
