idx,loc_x,loc_y,loc_z,weight,priority,size(ft)
1,5,0,0,12.9,0.30000000000000004,20
2,3,0,0,20.42,1.5,20
3,2,0,0,18.05,0.2,20
4,4,0,0,12.82,0.5,20
5,3,0,1,6.08,0.7000000000000001,20
