idx,loc_x,loc_y,loc_z,weight,priority,size(ft)
1,6,0,0,20.58,1.7000000000000002,20
2,5,0,0,21.06,1.4000000000000001,20
3,1,0,0,12.09,0.1,20
4,2,0,0,21.76,0.7000000000000001,20
5,3,0,0,20.86,0.9,20
