idx,loc_x,loc_y,loc_z,weight,priority,size(ft)
1,4,0,0,4.49,1.7000000000000002,20
2,1,0,0,22.13,0.8,20
3,6,0,0,3.59,0.5,20
4,1,0,1,10.03,1.8,20
5,1,0,2,13.54,0.30000000000000004,20
