idx,loc_x,loc_y,loc_z,weight,priority,size(ft)
1,5,0,0,13.79,1.9000000000000001,20
2,1,0,0,21.36,1.4000000000000001,20
3,3,0,0,19.15,1.2000000000000002,20
4,1,0,1,10.57,0.7000000000000001,20
5,4,0,0,10.81,0.9,20
