idx,loc_x,loc_y,loc_z,weight,priority,size(ft)
1,4,0,0,12.13,0.2,20
2,6,0,0,21.72,0.4,20
3,6,0,1,3.46,0.30000000000000004,20
4,4,0,1,7.97,1.7000000000000002,20
5,3,0,0,20.98,0.6000000000000001,20
