idx,loc_x,loc_y,loc_z,weight,priority,size(ft)
1,5,0,0,23.41,1.9000000000000001,20
2,5,0,1,23.16,1.0,20
3,2,0,0,16.16,1.7000000000000002,20
4,2,0,1,22.19,1.5,20
5,6,0,0,20.0,0.30000000000000004,20
