idx,loc_x,loc_y,loc_z,weight,priority,size(ft)
1,5,0,0,3.82,1.2000000000000002,20
2,3,0,0,7.74,0.1,20
3,5,0,1,18.44,0.9,20
4,4,0,0,3.17,0.6000000000000001,20
5,1,0,0,7.09,1.8,20
