idx,loc_x,loc_y,loc_z,weight,priority,size(ft)
1,2,0,0,21.17,1.4000000000000001,20
2,1,0,0,14.88,2.0,20
3,6,0,0,13.0,1.9000000000000001,20
4,4,0,0,8.32,1.5,20
5,6,0,1,10.05,0.1,20
