idx,loc_x,loc_y,loc_z,weight,priority,size(ft)
1,3,0,0,13.98,1.0,20
2,2,0,0,22.31,0.4,20
3,6,0,0,4.18,1.4000000000000001,20
4,2,0,1,18.73,0.0,20
5,3,0,1,4.72,1.7000000000000002,20
