idx,loc_x,loc_y,loc_z,weight,priority,size(ft)
1,6,0,0,20.85,0.1,20
2,4,0,0,15.89,1.2000000000000002,20
3,2,0,0,9.68,0.7000000000000001,20
4,3,0,0,18.7,1.4000000000000001,20
5,4,0,1,14.87,1.0,20
