idx,loc_x,loc_y,loc_z,weight,group,score,seq,reloc,size(ft)
1,1,0,0,8.41,0,8.41,0,0,20
2,6,0,0,17.29,1,117.28999999999999,0,0,20
3,4,0,0,8.26,0,8.26,0,0,20
4,4,0,1,21.48,0,21.48,0,0,20
5,4,0,2,10.19,1,110.19,0,0,20
6,1,0,1,8.52,2,208.52,1,0,20
7,3,0,0,13.25,3,313.25,2,0,20
8,1,0,2,7.83,3,307.83,3,0,20
9,2,0,0,11.04,1,111.03999999999999,4,0,20
10,5,0,0,23.38,3,323.38,5,0,20
