idx,loc_x,loc_y,loc_z,weight,group,score,seq,reloc,size(ft)
1,2,0,0,5.64,1,105.64,1,0,20
2,2,0,1,13.31,1,113.31,2,0,20
3,2,0,2,22.62,2,222.62,3,0,20
4,3,0,0,19.71,1,119.71000000000001,4,0,20
5,5,0,0,20.98,0,20.98,5,0,20
6,1,0,0,7.08,0,7.08,6,0,20
7,3,0,1,6.21,3,306.21,7,0,20
8,4,0,0,17.91,3,317.91,8,0,20
9,1,0,1,18.4,0,18.4,9,0,20
10,1,0,2,12.46,1,112.46000000000001,10,0,20
