idx,seq,priority,weight,size(ft)
6,1,0.30000000000000004,14.13,20
7,2,0.6000000000000001,15.15,20
8,3,0.8,8.47,20
9,4,0.5,21.96,20
10,5,1.5,4.46,20
11,6,1.4000000000000001,6.73,20
12,7,0.0,6.76,20
13,8,0.1,15.16,20
14,9,0.9,6.45,20
15,10,0.0,10.79,20
