idx,seq,priority,weight,size(ft)
6,1,0.6000000000000001,3.13,20
7,2,1.0,3.63,20
8,3,1.2000000000000002,4.48,20
9,4,0.8,11.84,20
10,5,0.5,16.73,20
11,6,0.1,9.78,20
12,7,1.1,13.62,20
13,8,0.0,5.91,20
14,9,1.3,12.59,20
15,10,0.7000000000000001,3.53,20
