idx,seq,priority,weight,size(ft)
6,1,1.1,8.04,20
7,2,0.9,7.63,20
8,3,0.0,6.83,20
9,4,0.4,11.44,20
10,5,0.5,21.46,20
11,6,1.5,8.12,20
12,7,0.8,19.35,20
13,8,0.0,16.91,20
14,9,1.2000000000000002,21.5,20
15,10,0.7000000000000001,9.07,20
