idx,seq,priority,weight,size(ft)
6,1,1.3,11.88,20
7,2,1.5,18.34,20
8,3,0.1,7.84,20
9,4,0.9,22.58,20
10,5,1.0,22.86,20
11,6,1.4000000000000001,18.93,20
12,7,0.4,5.79,20
13,8,0.6000000000000001,18.32,20
14,9,0.7000000000000001,10.87,20
15,10,0.2,18.35,20
