idx,seq,priority,weight,size(ft)
6,1,1.0,16.68,20
7,2,0.2,8.52,20
8,3,0.8,10.93,20
9,4,1.3,19.75,20
10,5,0.6000000000000001,13.88,20
11,6,0.7000000000000001,5.52,20
12,7,0.30000000000000004,14.08,20
13,8,0.5,19.82,20
14,9,0.9,6.01,20
15,10,0.1,17.56,20
