idx,seq,priority,weight,size(ft)
6,1,1.4000000000000001,6.81,20
7,2,0.6000000000000001,5.02,20
8,3,1.3,14.49,20
9,4,0.0,8.94,20
10,5,0.0,3.61,20
11,6,0.8,11.78,20
12,7,0.5,12.39,20
13,8,0.0,21.1,20
14,9,0.4,16.15,20
15,10,0.30000000000000004,21.67,20
