idx,seq,priority,weight,size(ft)
6,1,0.2,7.93,20
7,2,1.5,16.78,20
8,3,0.0,6.11,20
9,4,0.7000000000000001,16.71,20
10,5,0.0,12.38,20
11,6,0.5,19.01,20
12,7,1.4000000000000001,11.39,20
13,8,0.4,16.29,20
14,9,0.1,6.48,20
15,10,1.1,22.3,20
