idx,seq,priority,weight,size(ft)
6,1,0.5,7.27,20
7,2,0.1,6.61,20
8,3,0.30000000000000004,13.56,20
9,4,1.0,15.93,20
10,5,1.2000000000000002,3.27,20
11,6,0.8,6.75,20
12,7,0.2,14.67,20
13,8,1.3,14.45,20
14,9,0.0,14.11,20
15,10,0.7000000000000001,10.79,20
