idx,seq,priority,weight,size(ft)
6,1,0.4,22.31,20
7,2,1.1,19.13,20
8,3,0.30000000000000004,17.34,20
9,4,0.7000000000000001,9.52,20
10,5,1.3,8.33,20
11,6,1.5,4.18,20
12,7,0.5,15.49,20
13,8,0.1,8.45,20
14,9,0.6000000000000001,5.6,20
15,10,1.4000000000000001,23.05,20
