idx,seq,priority,weight,size(ft)
6,1,0.9,15.55,20
7,2,0.30000000000000004,9.98,20
8,3,0.0,7.8,20
9,4,1.3,9.16,20
10,5,1.0,13.76,20
11,6,0.4,6.91,20
12,7,0.0,3.27,20
13,8,0.0,6.19,20
14,9,0.7000000000000001,14.66,20
15,10,0.5,18.35,20
