idx,seq,priority,weight,size(ft)
6,1,0.0,13.69,20
7,2,0.1,8.48,20
8,3,1.4000000000000001,15.5,20
9,4,1.0,14.72,20
10,5,0.9,12.57,20
11,6,1.2000000000000002,20.5,20
12,7,0.0,17.29,20
13,8,0.4,15.62,20
14,9,0.5,3.38,20
15,10,1.3,20.51,20
