idx,seq,priority,weight,size(ft)
6,1,1.1,15.45,20
7,2,0.0,20.32,20
8,3,0.2,7.81,20
9,4,0.1,7.92,20
10,5,0.6000000000000001,20.37,20
11,6,0.5,17.66,20
12,7,0.0,22.25,20
13,8,0.8,16.37,20
14,9,1.4000000000000001,16.18,20
15,10,1.3,18.76,20
