idx,seq,priority,weight,size(ft)
6,1,0.1,9.89,20
7,2,0.30000000000000004,18.27,20
8,3,0.7000000000000001,19.79,20
9,4,1.3,7.52,20
10,5,1.1,16.18,20
11,6,1.0,6.9,20
12,7,0.8,7.17,20
13,8,0.0,19.47,20
14,9,0.0,14.69,20
15,10,1.2000000000000002,5.59,20
