idx,seq,priority,weight,size(ft)
6,1,0.8,7.55,20
7,2,0.0,20.85,20
8,3,0.30000000000000004,23.46,20
9,4,0.2,19.98,20
10,5,0.4,5.16,20
11,6,0.0,20.26,20
12,7,0.6000000000000001,16.08,20
13,8,0.5,4.87,20
14,9,0.9,14.11,20
15,10,1.4000000000000001,21.72,20
