idx,loc_x,loc_y,loc_z,weight,priority,size(ft)
1,6,0,0,5.9,0.9,20
2,2,0,0,11.49,0.6000000000000001,20
3,2,0,1,5.9,1.2000000000000002,20
4,5,0,0,23.58,1.0,20
5,4,0,0,20.43,0.8,20
