idx,loc_x,loc_y,loc_z,weight,priority,size(ft)
1,5,0,0,18.1,0.6000000000000001,20
2,5,0,1,10.96,1.5,20
3,3,0,0,22.82,0.0,20
4,6,0,0,19.1,1.1,20
5,1,0,0,6.43,1.4000000000000001,20
