idx,loc_x,loc_y,loc_z,weight,priority,size(ft)
1,6,0,0,17.22,1.4000000000000001,20
2,5,0,0,19.18,1.1,20
3,2,0,0,3.27,1.5,20
4,4,0,0,10.6,0.4,20
5,6,0,1,15.22,1.2000000000000002,20
