idx,loc_x,loc_y,loc_z,weight,priority,size(ft)
1,1,0,0,15.72,0.2,20
2,2,0,0,6.41,1.4000000000000001,20
3,2,0,1,13.79,0.9,20
4,1,0,1,7.33,0.30000000000000004,20
5,1,0,2,6.42,1.5,20
