idx,loc_x,loc_y,loc_z,weight,priority,size(ft)
1,2,0,0,18.01,0.2,20
2,5,0,0,5.64,0.7000000000000001,20
3,3,0,0,3.9,0.4,20
4,5,0,1,18.1,1.2000000000000002,20
5,5,0,2,7.03,1.3,20
