idx,loc_x,loc_y,loc_z,weight,priority,size(ft)
1,2,0,0,8.96,1.0,20
2,3,0,0,22.65,0.9,20
3,3,0,1,12.7,1.2000000000000002,20
4,1,0,0,4.51,0.7000000000000001,20
5,6,0,0,14.62,1.5,20
