idx,loc_x,loc_y,loc_z,weight,priority,size(ft)
1,4,0,0,15.63,1.0,20
2,1,0,0,20.76,1.1,20
3,3,0,0,22.54,0.2,20
4,5,0,0,10.71,0.7000000000000001,20
5,4,0,1,21.9,0.30000000000000004,20
