idx,loc_x,loc_y,loc_z,weight,priority,size(ft)
1,5,0,0,16.56,1.3,20
2,1,0,0,4.68,0.2,20
3,4,0,0,14.76,1.0,20
4,2,0,0,21.92,1.4000000000000001,20
5,4,0,1,6.21,0.30000000000000004,20
