idx,loc_x,loc_y,loc_z,weight,priority,size(ft)
1,2,0,0,3.25,1.5,20
2,1,0,0,18.93,1.2000000000000002,20
3,5,0,0,20.51,0.2,20
4,1,0,1,13.81,0.6000000000000001,20
5,6,0,0,19.96,0.8,20
