idx,seq,priority,weight,size(ft)
8,1,0.30000000000000004,22.67,20
9,2,0.0,7.11,20
10,3,1.1,6.95,20
11,4,1.9000000000000001,9.58,20
12,5,0.1,14.38,20
13,6,0.2,18.21,20
14,7,2.1,12.8,20
15,8,0.7000000000000001,9.61,20
16,9,1.4000000000000001,15.31,20
17,10,1.3,19.27,20
18,11,0.8,13.8,20
19,12,1.8,22.43,20
20,13,1.7000000000000002,20.88,20
21,14,0.9,13.84,20
22,15,1.2000000000000002,17.09,20
