idx,seq,priority,weight,size(ft)
8,1,0.0,22.19,20
9,2,0.1,20.47,20
10,3,0.7000000000000001,3.67,20
11,4,1.0,15.08,20
12,5,0.4,23.66,20
13,6,1.7000000000000002,15.22,20
14,7,0.0,19.14,20
15,8,2.1,17.07,20
16,9,0.2,19.19,20
17,10,2.2,21.7,20
18,11,0.0,15.64,20
19,12,1.2000000000000002,21.35,20
20,13,1.8,12.22,20
21,14,0.30000000000000004,4.85,20
22,15,1.3,20.42,20
