idx,seq,priority,weight,size(ft)
8,1,0.30000000000000004,23.81,20
9,2,0.7000000000000001,11.54,20
10,3,0.5,11.23,20
11,4,1.5,17.58,20
12,5,0.4,18.75,20
13,6,1.0,20.19,20
14,7,1.4000000000000001,8.45,20
15,8,1.2000000000000002,13.43,20
16,9,1.3,23.58,20
17,10,1.6,12.54,20
18,11,2.1,9.5,20
19,12,1.8,11.09,20
20,13,0.8,20.96,20
21,14,0.9,6.75,20
22,15,2.0,6.76,20
