idx,seq,priority,weight,size(ft)
8,1,0.6000000000000001,10.8,20
9,2,0.8,16.07,20
10,3,1.3,4.11,20
11,4,1.8,7.99,20
12,5,0.30000000000000004,10.25,20
13,6,0.5,7.36,20
14,7,0.0,10.3,20
15,8,0.2,16.93,20
16,9,0.7000000000000001,16.67,20
17,10,0.9,20.56,20
18,11,0.4,13.37,20
19,12,1.4000000000000001,21.75,20
20,13,2.1,23.28,20
21,14,1.7000000000000002,11.2,20
22,15,0.0,8.7,20
