idx,seq,priority,weight,size(ft)
8,1,2.0,13.25,20
9,2,0.9,17.79,20
10,3,1.9000000000000001,17.7,20
11,4,0.0,9.59,20
12,5,0.0,16.12,20
13,6,1.6,6.05,20
14,7,1.8,11.37,20
15,8,0.6000000000000001,22.25,20
16,9,0.4,16.31,20
17,10,0.5,7.58,20
18,11,1.1,9.17,20
19,12,0.0,21.47,20
20,13,2.1,5.4,20
21,14,2.2,22.53,20
22,15,1.4000000000000001,17.7,20
