idx,seq,priority,weight,size(ft)
8,1,0.5,22.55,20
9,2,0.9,6.41,20
10,3,1.0,23.87,20
11,4,0.6000000000000001,4.17,20
12,5,2.2,19.79,20
13,6,1.5,5.55,20
14,7,2.0,14.57,20
15,8,0.4,10.25,20
16,9,1.6,4.76,20
17,10,0.7000000000000001,20.71,20
18,11,1.3,14.55,20
19,12,0.2,9.19,20
20,13,1.8,15.53,20
21,14,1.7000000000000002,18.0,20
22,15,0.0,18.65,20
