idx,seq,priority,weight,size(ft)
8,1,0.5,6.8,20
9,2,1.8,22.53,20
10,3,0.0,13.73,20
11,4,0.30000000000000004,13.89,20
12,5,0.7000000000000001,4.54,20
13,6,0.4,7.97,20
14,7,1.9000000000000001,17.79,20
15,8,2.1,22.66,20
16,9,1.4000000000000001,22.49,20
17,10,2.2,16.02,20
18,11,0.6000000000000001,8.82,20
19,12,0.0,11.29,20
20,13,1.5,14.87,20
21,14,0.0,7.13,20
22,15,1.2000000000000002,6.89,20
