idx,seq,priority,weight,size(ft)
8,1,0.0,12.1,20
9,2,0.9,20.6,20
10,3,0.4,5.61,20
11,4,1.7000000000000002,20.0,20
12,5,1.3,7.21,20
13,6,0.6000000000000001,18.1,20
14,7,1.8,14.01,20
15,8,0.1,12.91,20
16,9,0.8,7.24,20
17,10,1.1,23.58,20
18,11,1.4000000000000001,20.26,20
19,12,2.1,15.08,20
20,13,1.5,17.63,20
21,14,0.5,15.75,20
22,15,0.0,19.93,20
