idx,seq,priority,weight,size(ft)
8,1,0.0,10.66,20
9,2,0.4,11.25,20
10,3,2.0,11.93,20
11,4,1.3,10.41,20
12,5,0.8,20.65,20
13,6,0.9,8.71,20
14,7,1.9000000000000001,14.55,20
15,8,0.7000000000000001,16.02,20
16,9,1.2000000000000002,22.75,20
17,10,1.1,7.57,20
18,11,1.5,14.64,20
19,12,2.1,12.83,20
20,13,0.0,19.03,20
21,14,1.4000000000000001,4.56,20
22,15,1.6,14.77,20
