idx,seq,priority,weight,size(ft)
8,1,1.9000000000000001,22.94,20
9,2,1.8,18.72,20
10,3,0.8,9.34,20
11,4,1.4000000000000001,10.2,20
12,5,0.6000000000000001,11.65,20
13,6,1.3,18.47,20
14,7,1.6,16.1,20
15,8,1.0,9.46,20
16,9,0.1,22.42,20
17,10,1.7000000000000002,17.25,20
18,11,2.1,9.23,20
19,12,0.0,7.3,20
20,13,0.30000000000000004,9.49,20
21,14,1.5,19.22,20
22,15,0.4,6.66,20
