idx,seq,priority,weight,size(ft)
8,1,0.2,11.46,20
9,2,2.0,6.54,20
10,3,1.6,3.11,20
11,4,1.3,17.24,20
12,5,0.9,21.01,20
13,6,0.30000000000000004,9.9,20
14,7,2.2,16.26,20
15,8,0.5,8.88,20
16,9,1.2000000000000002,23.27,20
17,10,1.5,4.79,20
18,11,1.4000000000000001,15.27,20
19,12,0.0,22.1,20
20,13,0.1,19.47,20
21,14,1.0,19.13,20
22,15,1.1,9.7,20
