idx,seq,priority,weight,size(ft)
8,1,0.5,11.45,20
9,2,0.6000000000000001,23.04,20
10,3,2.2,18.26,20
11,4,2.0,15.94,20
12,5,1.6,4.94,20
13,6,1.7000000000000002,6.64,20
14,7,1.5,8.33,20
15,8,1.1,21.76,20
16,9,0.0,22.96,20
17,10,0.30000000000000004,11.22,20
18,11,0.9,10.69,20
19,12,1.4000000000000001,3.66,20
20,13,0.2,10.5,20
21,14,0.0,4.3,20
22,15,1.8,18.45,20
