idx,seq,priority,weight,size(ft)
8,1,1.7000000000000002,3.17,20
9,2,2.1,5.02,20
10,3,0.8,17.08,20
11,4,0.9,20.1,20
12,5,0.6000000000000001,19.78,20
13,6,0.2,11.49,20
14,7,0.1,14.77,20
15,8,0.7000000000000001,14.4,20
16,9,1.5,10.4,20
17,10,1.3,10.55,20
18,11,0.0,4.43,20
19,12,0.0,5.01,20
20,13,2.0,12.13,20
21,14,1.6,19.07,20
22,15,1.0,14.43,20
