idx,seq,priority,weight,size(ft)
8,1,0.7000000000000001,6.57,20
9,2,0.8,10.64,20
10,3,0.6000000000000001,11.85,20
11,4,1.4000000000000001,21.68,20
12,5,1.7000000000000002,15.29,20
13,6,1.2000000000000002,17.05,20
14,7,2.1,5.63,20
15,8,1.9000000000000001,19.1,20
16,9,1.0,17.76,20
17,10,1.3,20.32,20
18,11,0.2,8.8,20
19,12,1.1,6.65,20
20,13,1.6,12.67,20
21,14,1.8,16.18,20
22,15,0.0,20.02,20
