idx,seq,priority,weight,size(ft)
8,1,1.1,3.29,20
9,2,1.6,17.81,20
10,3,2.1,11.63,20
11,4,0.8,22.08,20
12,5,1.8,10.9,20
13,6,1.5,23.32,20
14,7,1.3,15.98,20
15,8,0.5,10.61,20
16,9,2.2,13.12,20
17,10,1.2000000000000002,13.86,20
18,11,0.7000000000000001,16.61,20
19,12,0.30000000000000004,17.53,20
20,13,0.4,5.57,20
21,14,2.0,17.2,20
22,15,0.0,14.41,20
