idx,loc_x,loc_y,loc_z,weight,priority,size(ft)
1,3,0,0,18.43,2.1,20
2,1,0,0,6.38,0.1,20
3,6,0,0,7.45,1.4000000000000001,20
4,6,0,1,7.01,0.8,20
5,5,0,0,12.27,1.2000000000000002,20
6,5,0,1,14.29,0.30000000000000004,20
7,5,0,2,18.72,1.1,20
