idx,loc_x,loc_y,loc_z,weight,priority,size(ft)
1,4,0,0,10.18,0.0,20
2,2,0,0,14.14,1.0,20
3,4,0,1,16.17,0.9,20
4,2,0,1,10.98,0.2,20
5,3,0,0,10.7,0.6000000000000001,20
6,3,0,1,20.0,0.1,20
7,1,0,0,23.54,1.9000000000000001,20
