idx,loc_x,loc_y,loc_z,weight,priority,size(ft)
1,5,0,0,20.38,1.9000000000000001,20
2,6,0,0,22.41,1.6,20
3,1,0,0,21.54,1.5,20
4,6,0,1,8.07,1.2000000000000002,20
5,6,0,2,18.97,0.1,20
6,2,0,0,14.03,1.1,20
7,6,0,3,21.2,2.0,20
