idx,loc_x,loc_y,loc_z,weight,priority,size(ft)
1,1,0,0,5.97,1.9000000000000001,20
2,5,0,0,4.87,0.2,20
3,2,0,0,17.76,0.7000000000000001,20
4,4,0,0,12.53,0.30000000000000004,20
5,2,0,1,3.45,1.2000000000000002,20
6,6,0,0,21.75,2.2,20
7,1,0,1,9.5,2.0,20
