idx,loc_x,loc_y,loc_z,weight,priority,size(ft)
1,1,0,0,15.24,1.8,20
2,5,0,0,22.53,2.2,20
3,4,0,0,18.29,0.4,20
4,1,0,1,9.66,1.1,20
5,6,0,0,7.05,0.30000000000000004,20
6,5,0,1,6.03,1.9000000000000001,20
7,3,0,0,5.88,1.4000000000000001,20
