idx,loc_x,loc_y,loc_z,weight,priority,size(ft)
1,6,0,0,7.04,0.6000000000000001,20
2,3,0,0,4.29,0.2,20
3,1,0,0,9.42,1.9000000000000001,20
4,6,0,1,7.71,0.1,20
5,6,0,2,7.48,1.7000000000000002,20
6,5,0,0,18.48,1.1,20
7,6,0,3,14.7,2.2,20
