idx,loc_x,loc_y,loc_z,weight,priority,size(ft)
1,4,0,0,16.28,1.3,20
2,3,0,0,21.22,0.8,20
3,2,0,0,18.45,0.7000000000000001,20
4,4,0,1,6.23,1.0,20
5,5,0,0,19.74,2.1,20
6,2,0,1,7.57,0.1,20
7,3,0,1,15.13,1.2000000000000002,20
