idx,loc_x,loc_y,loc_z,weight,priority,size(ft)
1,4,0,0,7.0,0.8,20
2,2,0,0,18.91,1.7000000000000002,20
3,4,0,1,8.75,0.7000000000000001,20
4,6,0,0,10.44,0.4,20
5,5,0,0,12.32,2.1,20
6,5,0,1,15.32,1.9000000000000001,20
7,5,0,2,16.36,1.8,20
