idx,loc_x,loc_y,loc_z,weight,priority,size(ft)
1,5,0,0,9.55,1.0,20
2,4,0,0,13.64,1.5,20
3,2,0,0,8.94,0.2,20
4,4,0,1,5.48,1.3,20
5,2,0,1,11.68,1.2000000000000002,20
6,2,0,2,8.99,0.30000000000000004,20
7,3,0,0,23.94,0.1,20
