idx,seq,priority,weight,size(ft)
8,1,1.9000000000000001,7.11,20
9,2,0.4,18.41,20
10,3,2.7,12.77,20
11,4,2.0,23.92,20
12,5,0.0,7.42,20
13,6,2.2,18.89,20
14,7,2.5,9.85,20
15,8,0.8,7.5,20
16,9,1.4000000000000001,23.75,20
17,10,0.1,16.88,20
18,11,0.2,11.18,20
19,12,2.1,8.56,20
20,13,1.0,9.05,20
21,14,1.2000000000000002,6.45,20
22,15,0.7000000000000001,16.01,20
23,16,1.5,21.73,20
24,17,0.5,22.71,20
25,18,2.6,5.16,20
26,19,1.8,10.2,20
27,20,1.1,11.46,20
