idx,seq,priority,weight,size(ft)
8,1,1.3,13.92,20
9,2,2.0,23.83,20
10,3,0.9,11.9,20
11,4,1.8,16.65,20
12,5,0.2,5.96,20
13,6,0.4,9.73,20
14,7,1.1,13.36,20
15,8,0.0,15.76,20
16,9,2.2,14.78,20
17,10,0.0,16.98,20
18,11,1.5,15.55,20
19,12,1.6,7.59,20
20,13,2.3000000000000003,11.01,20
21,14,2.7,11.85,20
22,15,0.0,6.03,20
23,16,1.0,18.47,20
24,17,1.9000000000000001,6.69,20
25,18,2.1,6.21,20
26,19,0.0,23.39,20
27,20,0.6000000000000001,3.97,20
