idx,seq,priority,weight,size(ft)
8,1,0.1,6.37,20
9,2,1.8,7.82,20
10,3,1.3,21.27,20
11,4,2.1,18.57,20
12,5,0.7000000000000001,19.53,20
13,6,2.3000000000000003,10.42,20
14,7,1.5,12.12,20
15,8,2.2,11.79,20
16,9,0.30000000000000004,12.03,20
17,10,1.2000000000000002,7.38,20
18,11,1.0,6.69,20
19,12,0.2,8.96,20
20,13,0.9,6.21,20
21,14,2.0,19.63,20
22,15,2.5,19.2,20
23,16,0.6000000000000001,12.86,20
24,17,0.0,9.99,20
25,18,0.4,20.29,20
26,19,1.9000000000000001,22.91,20
27,20,0.0,21.99,20
