idx,seq,priority,weight,size(ft)
8,1,1.1,13.67,20
9,2,1.2000000000000002,10.36,20
10,3,2.3000000000000003,9.2,20
11,4,0.7000000000000001,14.76,20
12,5,1.6,11.65,20
13,6,2.4000000000000004,13.03,20
14,7,2.5,6.95,20
15,8,0.4,23.31,20
16,9,0.8,15.5,20
17,10,1.7000000000000002,13.0,20
18,11,0.2,11.81,20
19,12,1.3,5.58,20
20,13,1.5,23.36,20
21,14,0.6000000000000001,4.47,20
22,15,2.7,23.87,20
23,16,0.0,3.22,20
24,17,0.1,4.78,20
25,18,0.0,21.67,20
26,19,0.5,10.01,20
27,20,0.9,20.97,20
