idx,seq,priority,weight,size(ft)
8,1,2.2,10.64,20
9,2,1.0,19.65,20
10,3,0.7000000000000001,22.27,20
11,4,1.6,12.79,20
12,5,0.1,9.7,20
13,6,1.4000000000000001,21.32,20
14,7,1.9000000000000001,19.23,20
15,8,0.4,23.27,20
16,9,0.2,22.1,20
17,10,1.2000000000000002,21.82,20
18,11,2.0,10.38,20
19,12,2.3000000000000003,4.69,20
20,13,1.5,15.66,20
21,14,1.1,12.18,20
22,15,0.6000000000000001,20.01,20
23,16,0.0,18.28,20
24,17,2.1,6.9,20
25,18,0.5,11.3,20
26,19,2.6,8.23,20
27,20,2.5,23.93,20
