idx,seq,priority,weight,size(ft)
8,1,0.1,13.92,20
9,2,0.8,21.03,20
10,3,2.5,21.64,20
11,4,1.6,18.71,20
12,5,1.7000000000000002,11.1,20
13,6,1.8,20.05,20
14,7,1.1,16.04,20
15,8,0.7000000000000001,19.57,20
16,9,0.0,20.98,20
17,10,2.4000000000000004,11.84,20
18,11,0.4,9.29,20
19,12,2.6,12.01,20
20,13,0.6000000000000001,10.95,20
21,14,0.0,12.7,20
22,15,0.0,3.72,20
23,16,2.3000000000000003,16.12,20
24,17,1.2000000000000002,10.59,20
25,18,0.0,20.05,20
26,19,2.1,6.51,20
27,20,0.9,16.29,20
