idx,seq,priority,weight,size(ft)
8,1,2.0,19.79,20
9,2,0.5,12.05,20
10,3,0.0,8.86,20
11,4,0.7000000000000001,23.56,20
12,5,1.7000000000000002,5.0,20
13,6,0.1,7.1,20
14,7,2.3000000000000003,20.86,20
15,8,1.6,9.82,20
16,9,2.6,7.56,20
17,10,1.2000000000000002,4.11,20
18,11,1.8,11.96,20
19,12,1.1,18.57,20
20,13,1.3,12.36,20
21,14,2.1,13.94,20
22,15,2.7,23.81,20
23,16,2.2,18.35,20
24,17,1.0,23.0,20
25,18,1.5,20.85,20
26,19,2.4000000000000004,22.64,20
27,20,0.8,21.15,20
