idx,seq,priority,weight,size(ft)
8,1,1.3,11.57,20
9,2,2.3000000000000003,16.26,20
10,3,0.6000000000000001,10.11,20
11,4,0.5,21.74,20
12,5,2.7,5.04,20
13,6,2.5,12.02,20
14,7,0.9,21.85,20
15,8,1.4000000000000001,8.5,20
16,9,0.2,23.77,20
17,10,2.2,20.16,20
18,11,2.1,14.24,20
19,12,2.4000000000000004,9.26,20
20,13,1.2000000000000002,11.93,20
21,14,0.4,15.27,20
22,15,1.6,11.4,20
23,16,0.0,5.72,20
24,17,1.5,7.11,20
25,18,0.0,21.06,20
26,19,1.8,16.57,20
27,20,0.1,18.5,20
