idx,seq,priority,weight,size(ft)
8,1,2.5,9.38,20
9,2,1.6,21.45,20
10,3,2.6,19.11,20
11,4,1.8,16.25,20
12,5,2.0,23.87,20
13,6,0.8,10.49,20
14,7,1.4000000000000001,13.7,20
15,8,1.0,9.92,20
16,9,0.7000000000000001,12.42,20
17,10,1.1,9.5,20
18,11,0.0,21.73,20
19,12,1.3,14.97,20
20,13,0.9,13.63,20
21,14,0.5,7.09,20
22,15,1.2000000000000002,3.92,20
23,16,0.4,16.85,20
24,17,2.7,20.74,20
25,18,0.0,9.29,20
26,19,1.7000000000000002,21.82,20
27,20,0.0,17.12,20
