idx,seq,priority,weight,size(ft)
8,1,1.5,19.88,20
9,2,0.0,10.39,20
10,3,2.3000000000000003,16.4,20
11,4,1.7000000000000002,5.55,20
12,5,0.1,20.09,20
13,6,1.3,21.54,20
14,7,0.0,20.0,20
15,8,1.6,10.96,20
16,9,2.5,10.81,20
17,10,2.2,6.29,20
18,11,1.9000000000000001,14.26,20
19,12,2.7,3.57,20
20,13,0.5,23.59,20
21,14,2.0,8.31,20
22,15,0.6000000000000001,5.96,20
23,16,0.4,18.63,20
24,17,0.30000000000000004,5.95,20
25,18,0.0,4.66,20
26,19,0.9,22.2,20
27,20,0.0,19.88,20
