idx,seq,priority,weight,size(ft)
8,1,0.1,17.03,20
9,2,2.4000000000000004,21.33,20
10,3,1.3,18.21,20
11,4,2.3000000000000003,5.02,20
12,5,2.6,4.61,20
13,6,2.0,12.67,20
14,7,0.8,12.8,20
15,8,0.2,21.01,20
16,9,2.5,17.36,20
17,10,0.6000000000000001,5.52,20
18,11,2.7,7.61,20
19,12,1.9000000000000001,17.81,20
20,13,0.9,3.5,20
21,14,0.5,21.72,20
22,15,1.1,4.43,20
23,16,0.0,12.06,20
24,17,2.2,5.37,20
25,18,0.4,5.31,20
26,19,1.7000000000000002,8.2,20
27,20,1.4000000000000001,15.25,20
