idx,loc_x,loc_y,loc_z,weight,priority,size(ft)
1,5,0,0,18.95,1.7000000000000002,20
2,6,0,0,15.31,2.0,20
3,6,0,1,16.86,2.6,20
4,4,0,0,9.16,1.9000000000000001,20
5,4,0,1,4.4,1.1,20
6,2,0,0,16.02,0.7000000000000001,20
7,4,0,2,16.43,0.30000000000000004,20
