idx,loc_x,loc_y,loc_z,weight,priority,size(ft)
1,2,0,0,20.8,2.5,20
2,2,0,1,21.61,2.4000000000000004,20
3,6,0,0,11.95,0.7000000000000001,20
4,4,0,0,16.12,0.8,20
5,4,0,1,23.99,2.6,20
6,3,0,0,4.73,0.1,20
7,5,0,0,14.72,0.5,20
