idx,loc_x,loc_y,loc_z,weight,priority,size(ft)
1,6,0,0,23.02,1.2000000000000002,20
2,6,0,1,23.38,2.1,20
3,3,0,0,9.28,2.4000000000000004,20
4,4,0,0,15.49,1.4000000000000001,20
5,3,0,1,13.77,0.0,20
6,5,0,0,22.16,0.0,20
7,1,0,0,19.18,1.0,20
