idx,loc_x,loc_y,loc_z,weight,priority,size(ft)
1,6,0,0,12.22,0.5,20
2,1,0,0,10.14,1.4000000000000001,20
3,3,0,0,12.35,1.9000000000000001,20
4,3,0,1,9.88,1.5,20
5,6,0,1,11.0,2.0,20
6,3,0,2,17.35,2.7,20
7,5,0,0,17.47,0.30000000000000004,20
