idx,loc_x,loc_y,loc_z,weight,priority,size(ft)
1,4,0,0,15.19,2.7,20
2,6,0,0,17.03,0.8,20
3,5,0,0,20.74,1.4000000000000001,20
4,2,0,0,17.9,1.6,20
5,1,0,0,11.96,1.1,20
6,1,0,1,7.41,1.7000000000000002,20
7,2,0,1,4.86,2.4000000000000004,20
