idx,loc_x,loc_y,loc_z,weight,priority,size(ft)
1,5,0,0,19.86,2.4000000000000004,20
2,2,0,0,19.14,1.3,20
3,1,0,0,4.66,2.7,20
4,2,0,1,5.75,0.30000000000000004,20
5,4,0,0,8.33,0.8,20
6,3,0,0,13.23,1.7000000000000002,20
7,6,0,0,13.3,0.9,20
