idx,loc_x,loc_y,loc_z,weight,priority,size(ft)
1,2,0,0,18.8,2.1,20
2,6,0,0,20.45,0.0,20
3,5,0,0,17.83,1.8,20
4,2,0,1,3.91,1.2000000000000002,20
5,2,0,2,8.68,0.7000000000000001,20
6,1,0,0,3.84,1.6,20
7,1,0,1,4.02,1.0,20
