idx,loc_x,loc_y,loc_z,weight,priority,size(ft)
1,2,0,0,18.75,1.3,20
2,4,0,0,21.28,2.5,20
3,5,0,0,8.94,2.7,20
4,3,0,0,22.35,0.9,20
5,2,0,1,21.4,0.0,20
6,1,0,0,8.89,0.6000000000000001,20
7,4,0,1,15.41,1.2000000000000002,20
