idx,loc_x,loc_y,loc_z,weight,priority,size(ft)
1,2,0,0,20.82,0.0,20
2,3,0,0,9.23,1.9000000000000001,20
3,5,0,0,5.62,1.3,20
4,3,0,1,19.92,2.5,20
5,1,0,0,5.57,2.2,20
6,5,0,1,23.44,0.6000000000000001,20
7,6,0,0,12.96,1.1,20
