idx,loc_x,loc_y,loc_z,weight,priority,size(ft)
1,2,0,0,11.5,0.2,20
2,3,0,0,17.3,2.1,20
3,1,0,0,15.58,2.4000000000000004,20
4,6,0,0,10.43,1.5,20
5,3,0,1,8.68,1.9000000000000001,20
6,3,0,2,3.99,0.0,20
7,6,0,1,4.37,2.3000000000000003,20
