idx,loc_x,loc_y,loc_z,weight,priority,size(ft)
1,3,0,0,11.83,1.3,20
2,2,0,0,11.79,0.30000000000000004,20
3,6,0,0,20.28,0.6000000000000001,20
4,2,0,1,22.64,2.4000000000000004,20
5,6,0,1,13.48,0.9,20
6,6,0,2,18.82,1.7000000000000002,20
7,5,0,0,14.66,1.6,20
