idx,loc_x,loc_y,loc_z,weight,priority,size(ft)
1,1,0,0,13.74,1.4000000000000001,20
2,1,0,1,22.29,0.0,20
3,5,0,0,7.68,0.30000000000000004,20
4,6,0,0,7.91,2.5,20
5,2,0,0,21.09,1.9000000000000001,20
6,6,0,1,23.25,0.9,20
7,5,0,1,5.73,0.2,20
