idx,seq,priority,weight,size(ft)
1,1,1.4000000000000001,17.64,20
2,2,0.7000000000000001,16.65,20
3,3,0.30000000000000004,8.04,20
4,4,0.4,20.44,20
5,5,0.9,11.2,20
6,6,1.1,18.77,20
7,7,0.8,19.66,20
8,8,0.5,6.41,20
9,9,1.3,22.31,20
10,10,0.2,7.71,20
11,11,1.5,5.7,20
12,12,1.2000000000000002,21.99,20
13,13,0.1,12.53,20
14,14,0.0,14.71,20
15,15,0.6000000000000001,21.14,20
