idx,seq,priority,weight,size(ft)
1,1,0.2,20.36,20
2,2,0.7000000000000001,11.43,20
3,3,0.5,16.93,20
4,4,1.1,12.85,20
5,5,1.4000000000000001,6.88,20
6,6,0.6000000000000001,4.41,20
7,7,0.0,5.01,20
8,8,0.30000000000000004,21.77,20
9,9,1.3,3.12,20
10,10,0.9,18.21,20
11,11,1.2000000000000002,7.18,20
12,12,1.0,14.2,20
13,13,0.0,7.35,20
14,14,0.1,14.29,20
15,15,1.5,15.31,20
