idx,seq,priority,weight,size(ft)
1,1,1.4000000000000001,13.5,20
2,2,1.3,16.59,20
3,3,0.2,10.34,20
4,4,0.6000000000000001,11.78,20
5,5,0.4,18.4,20
6,6,0.30000000000000004,10.24,20
7,7,0.8,11.81,20
8,8,1.5,4.99,20
9,9,0.7000000000000001,23.0,20
10,10,0.5,19.34,20
11,11,0.0,5.05,20
12,12,1.1,19.31,20
13,13,0.0,10.65,20
14,14,1.2000000000000002,19.83,20
15,15,0.9,5.8,20
