idx,seq,priority,weight,size(ft)
1,1,0.0,4.02,20
2,2,0.7000000000000001,22.31,20
3,3,0.0,4.28,20
4,4,1.0,10.58,20
5,5,0.8,3.77,20
6,6,0.6000000000000001,9.34,20
7,7,0.0,20.07,20
8,8,0.9,23.26,20
9,9,1.2000000000000002,23.94,20
10,10,0.5,18.33,20
11,11,0.2,12.3,20
12,12,1.5,15.57,20
13,13,0.4,8.82,20
14,14,1.3,8.42,20
15,15,1.1,7.18,20
