idx,seq,priority,weight,size(ft)
1,1,1.0,16.8,20
2,2,0.8,18.55,20
3,3,0.7000000000000001,3.2,20
4,4,1.4000000000000001,8.82,20
5,5,1.5,10.03,20
6,6,1.3,17.19,20
7,7,0.9,7.73,20
8,8,1.1,23.85,20
9,9,0.5,20.52,20
10,10,0.0,16.14,20
11,11,0.30000000000000004,14.32,20
12,12,1.2000000000000002,6.3,20
13,13,0.6000000000000001,17.64,20
14,14,0.0,5.98,20
15,15,0.2,22.79,20
