idx,seq,priority,weight,size(ft)
1,1,0.4,19.05,20
2,2,1.5,23.53,20
3,3,0.5,5.79,20
4,4,1.4000000000000001,4.04,20
5,5,0.8,16.31,20
6,6,0.1,16.23,20
7,7,1.1,23.65,20
8,8,0.7000000000000001,7.92,20
9,9,1.2000000000000002,4.28,20
10,10,0.9,23.42,20
11,11,0.30000000000000004,23.43,20
12,12,0.0,20.48,20
13,13,1.0,12.65,20
14,14,0.0,7.25,20
15,15,1.3,10.05,20
