idx,seq,priority,weight,size(ft)
1,1,0.7000000000000001,23.26,20
2,2,1.2000000000000002,5.96,20
3,3,0.9,12.9,20
4,4,0.30000000000000004,20.55,20
5,5,1.3,10.06,20
6,6,0.4,12.83,20
7,7,1.0,7.51,20
8,8,0.6000000000000001,11.49,20
9,9,0.8,22.36,20
10,10,1.1,10.45,20
11,11,0.5,5.76,20
12,12,0.0,4.98,20
13,13,0.1,12.25,20
14,14,1.4000000000000001,16.49,20
15,15,0.2,21.29,20
