idx,seq,priority,weight,size(ft)
1,1,1.0,18.61,20
2,2,1.1,9.19,20
3,3,0.0,15.35,20
4,4,0.7000000000000001,19.22,20
5,5,0.2,19.75,20
6,6,1.2000000000000002,8.18,20
7,7,0.8,10.99,20
8,8,0.4,5.27,20
9,9,0.9,6.69,20
10,10,1.4000000000000001,9.52,20
11,11,0.0,7.33,20
12,12,0.6000000000000001,5.3,20
13,13,0.1,17.89,20
14,14,1.5,13.52,20
15,15,0.0,8.01,20
