idx,seq,priority,weight,size(ft)
1,1,0.2,15.36,20
2,2,0.8,9.76,20
3,3,0.6000000000000001,9.29,20
4,4,0.0,9.52,20
5,5,1.2000000000000002,12.89,20
6,6,1.3,14.34,20
7,7,1.1,23.56,20
8,8,1.0,20.47,20
9,9,0.0,16.55,20
10,10,0.0,9.41,20
11,11,0.1,13.69,20
12,12,0.9,7.33,20
13,13,1.4000000000000001,17.64,20
14,14,1.5,5.56,20
15,15,0.7000000000000001,9.75,20
