idx,seq,priority,weight,size(ft)
1,1,1.3,5.21,20
2,2,1.1,18.21,20
3,3,1.5,20.52,20
4,4,0.5,22.34,20
5,5,0.6000000000000001,8.21,20
6,6,1.4000000000000001,21.84,20
7,7,1.0,19.32,20
8,8,1.2000000000000002,13.03,20
9,9,0.1,23.97,20
10,10,0.30000000000000004,8.71,20
11,11,0.8,23.43,20
12,12,0.0,18.95,20
13,13,0.0,23.19,20
14,14,0.0,14.9,20
15,15,0.7000000000000001,17.68,20
