idx,seq,priority,weight,size(ft)
1,1,0.4,21.93,20
2,2,0.5,19.22,20
3,3,0.0,12.63,20
4,4,0.9,21.77,20
5,5,0.8,18.8,20
6,6,1.5,15.29,20
7,7,1.3,11.92,20
8,8,1.1,7.02,20
9,9,0.2,9.05,20
10,10,1.0,10.09,20
11,11,1.4000000000000001,14.52,20
12,12,1.2000000000000002,12.83,20
13,13,0.30000000000000004,3.37,20
14,14,0.1,10.08,20
15,15,0.7000000000000001,4.98,20
