idx,seq,priority,weight,size(ft)
1,1,1.1,13.11,20
2,2,0.7000000000000001,8.28,20
3,3,0.30000000000000004,11.33,20
4,4,0.0,15.98,20
5,5,0.1,15.43,20
6,6,1.0,4.51,20
7,7,1.5,7.81,20
8,8,0.8,7.66,20
9,9,0.4,15.05,20
10,10,1.3,12.31,20
11,11,0.5,20.57,20
12,12,0.9,17.2,20
13,13,1.4000000000000001,17.18,20
14,14,0.0,10.5,20
15,15,0.0,20.65,20
