idx,seq,priority,weight,size(ft)
1,1,1.5,17.2,20
2,2,0.4,22.9,20
3,3,1.4000000000000001,18.21,20
4,4,0.6000000000000001,8.2,20
5,5,1.0,8.9,20
6,6,0.30000000000000004,8.47,20
7,7,0.0,19.89,20
8,8,1.1,23.78,20
9,9,0.1,8.21,20
10,10,0.2,20.69,20
11,11,0.8,14.1,20
12,12,0.5,19.72,20
13,13,1.3,11.14,20
14,14,1.2000000000000002,20.0,20
15,15,0.7000000000000001,13.95,20
