idx,seq,priority,weight,size(ft)
1,1,0.2,10.03,20
2,2,1.2000000000000002,15.22,20
3,3,1.5,6.9,20
4,4,0.7000000000000001,12.42,20
5,5,1.1,10.18,20
6,6,0.4,14.68,20
7,7,0.1,3.24,20
8,8,0.0,15.68,20
9,9,0.8,4.56,20
10,10,0.0,12.98,20
11,11,1.3,21.78,20
12,12,1.4000000000000001,20.56,20
13,13,0.6000000000000001,2.96,20
14,14,1.0,20.22,20
15,15,0.0,16.88,20
