idx,seq,priority,weight,size(ft)
1,1,0.8,6.89,20
2,2,1.0,5.87,20
3,3,1.4000000000000001,18.79,20
4,4,1.2000000000000002,11.1,20
5,5,0.6000000000000001,20.07,20
6,6,1.1,6.1,20
7,7,1.5,13.19,20
8,8,0.4,16.51,20
9,9,0.1,23.16,20
10,10,0.2,16.59,20
11,11,0.30000000000000004,4.66,20
12,12,1.3,22.06,20
13,13,0.0,16.46,20
14,14,0.7000000000000001,17.12,20
15,15,0.5,12.95,20
