idx,loc_x,loc_y,loc_z,weight,seq,emerg,reloc,size(ft)
1,2,0,0,16.09,0,0,1.0,20
2,3,0,0,18.92,0,0,1.0,20
3,3,0,1,5.59,0,0,1.0,20
4,5,0,0,16.69,0,0,0,20
5,6,0,0,22.01,0,0,0,20
6,2,0,1,15.87,1,0,1.0,20
7,2,0,2,21.78,2,0,1.0,20
8,2,0,3,20.75,3,0,0.9999999999999999,20
9,3,0,2,18.27,4,0,1.0,20
10,5,0,1,23.27,5,0,0,20
11,1,0,0,12.22,6,0,0.9999999999999999,20
12,1,0,1,7.01,7,0,0.9999999999999998,20
13,4,0,0,9.93,8,0,1.0,20
14,1,0,2,10.94,9,0,1.0,20
15,4,0,1,17.66,10,0,1.0,20
