idx,loc_x,loc_y,loc_z,weight,group,score,seq,reloc,size(ft)
1,2,0,0,20.7,0,20.7,1,0.9999999999999998,20
2,4,0,0,22.61,0,22.61,2,0,20
3,2,0,1,22.3,0,22.3,3,0.9999999999999996,20
4,2,0,2,7.45,0,7.45,4,0.9999999999999998,20
5,1,0,0,5.6,0,5.6,5,1.0,20
6,3,0,0,15.83,0,15.83,6,0.9999999999999998,20
7,2,0,3,18.71,0,18.71,7,0.9999999999999998,20
8,1,0,1,5.69,0,5.69,8,0.9999999999999998,20
9,1,0,2,7.08,0,7.08,9,1.0,20
10,3,0,1,8.02,0,8.02,10,0.9999999999999998,20
