idx,loc_x,loc_y,loc_z,weight,group,score,seq,reloc,size(ft)
1,2,0,0,21.64,0,21.64,1,1.0,20
2,2,0,1,15.99,0,15.99,2,1.0,20
3,2,0,2,16.59,0,16.59,3,1.0,20
4,2,0,3,9.43,0,9.43,4,1.0000000000001203,20
5,1,0,0,6.73,0,6.73,5,0.9999999999999925,20
6,3,0,0,10.51,0,10.51,6,1.0,20
7,4,0,0,23.5,0,23.5,7,0,20
8,1,0,1,7.48,0,7.48,8,1.0,20
9,1,0,2,8.83,0,8.83,9,1.0,20
10,3,0,1,6.09,0,6.09,10,1.0,20
