idx,loc_x,loc_y,loc_z,weight,group,score,seq,reloc,size(ft)
1,2,0,0,13.57,0,13.57,1,1.000000000000001,20
2,4,0,0,22.21,0,22.21,2,0,20
3,1,0,0,5.91,0,5.91,3,0,20
4,2,0,1,13.24,0,13.24,4,1.000000000000001,20
5,3,0,0,10.02,0,10.02,5,0,20
6,3,0,1,20.83,0,20.83,6,0,20
7,1,0,1,6.35,0,6.35,7,0,20
8,2,0,2,13.9,0,13.9,8,1.000000000000001,20
9,3,0,2,21.3,0,21.3,9,0,20
10,1,0,2,14.93,0,14.93,10,0,20
