idx,loc_x,loc_y,loc_z,weight,group,score,seq,reloc,size(ft)
1,5,0,0,10.12,0,10.12,0,0,20
2,1,0,0,7.31,2,207.31,0,0.9999999999999716,20
3,3,0,0,22.85,2,222.85,0,1.0,20
4,6,0,0,6.09,1,106.09,0,0,20
5,6,0,1,5.64,2,205.64,0,0,20
6,2,0,0,6.69,0,6.69,1,0,20
7,1,0,1,8.23,1,108.23,2,0.9999999999999716,20
8,2,0,1,23.87,0,23.87,3,1.0,20
9,2,0,2,14.19,0,14.19,4,1.0,20
10,1,0,2,8.62,2,208.62,5,1.0,20
