idx,loc_x,loc_y,loc_z,weight,group,score,seq,reloc,size(ft)
1,5,0,0,9.48,2,209.48,0,0,20
2,4,0,0,22.92,2,222.92000000000002,0,0,20
3,1,0,0,17.75,1,117.75,0,0.9999999999999716,20
4,2,0,0,20.16,3,320.16,0,0.9999999999999725,20
5,3,0,0,15.93,1,115.93,0,0,20
6,6,0,0,5.94,0,5.94,1,0,20
7,1,0,1,21.54,0,21.54,2,1.0,20
8,2,0,1,16.87,3,316.87,3,0.9999999999999725,20
9,6,0,1,12.19,0,12.19,4,0,20
10,4,0,1,22.56,3,322.56,5,0,20
