idx,seq,priority,weight,size(ft)
8,1,1.5,22.94,20
9,2,1.1,22.29,20
10,3,2.0,14.4,20
11,4,1.9000000000000001,11.37,20
12,5,1.4000000000000001,10.88,20
13,6,0.1,18.91,20
14,7,0.4,13.64,20
15,8,0.2,7.25,20
16,9,0.5,14.92,20
17,10,1.6,23.44,20
18,11,1.0,9.69,20
19,12,0.7000000000000001,19.38,20
20,13,0.0,8.62,20
