idx,seq,priority,weight,size(ft)
8,1,0.2,20.89,20
9,2,0.0,9.68,20
10,3,1.0,20.53,20
11,4,0.0,13.75,20
12,5,1.6,11.59,20
13,6,0.1,16.6,20
14,7,1.5,15.31,20
15,8,0.5,8.17,20
16,9,0.30000000000000004,8.64,20
17,10,0.0,19.36,20
18,11,0.9,18.98,20
19,12,0.6000000000000001,19.99,20
20,13,0.0,23.12,20
