idx,seq,priority,weight,size(ft)
8,1,1.9000000000000001,15.28,20
9,2,1.5,10.64,20
10,3,0.7000000000000001,18.54,20
11,4,0.9,15.12,20
12,5,0.4,20.65,20
13,6,0.8,17.98,20
14,7,0.0,11.76,20
15,8,1.7000000000000002,10.92,20
16,9,1.2000000000000002,11.12,20
17,10,0.5,7.94,20
18,11,0.0,22.93,20
19,12,0.6000000000000001,15.69,20
20,13,1.6,16.1,20
