idx,seq,priority,weight,size(ft)
8,1,0.4,19.1,20
9,2,1.1,21.98,20
10,3,0.7000000000000001,6.4,20
11,4,1.4000000000000001,14.47,20
12,5,1.8,19.6,20
13,6,1.6,11.75,20
14,7,0.0,5.19,20
15,8,1.3,4.82,20
16,9,0.9,21.71,20
17,10,0.0,6.8,20
18,11,1.7000000000000002,8.15,20
19,12,1.5,20.39,20
20,13,2.0,7.83,20
