idx,seq,priority,weight,size(ft)
8,1,1.8,15.27,20
9,2,1.3,16.6,20
10,3,1.7000000000000002,17.43,20
11,4,0.1,16.68,20
12,5,1.1,17.57,20
13,6,1.9000000000000001,18.0,20
14,7,0.7000000000000001,23.15,20
15,8,0.0,6.17,20
16,9,1.0,2.98,20
17,10,0.6000000000000001,22.05,20
18,11,0.30000000000000004,3.56,20
19,12,0.5,9.14,20
20,13,0.9,11.6,20
