idx,seq,priority,weight,size(ft)
8,1,0.30000000000000004,16.85,20
9,2,1.4000000000000001,6.57,20
10,3,2.0,4.74,20
11,4,1.2000000000000002,11.83,20
12,5,1.5,17.19,20
13,6,1.6,5.29,20
14,7,0.8,5.12,20
15,8,0.1,6.78,20
16,9,0.9,17.89,20
17,10,0.5,6.59,20
18,11,1.3,3.48,20
19,12,0.7000000000000001,4.43,20
20,13,1.0,7.68,20
