idx,seq,priority,weight,size(ft)
8,1,0.6000000000000001,22.25,20
9,2,1.6,14.3,20
10,3,0.30000000000000004,11.65,20
11,4,1.4000000000000001,16.56,20
12,5,0.8,3.02,20
13,6,0.1,11.15,20
14,7,1.3,22.56,20
15,8,1.1,7.73,20
16,9,0.0,18.62,20
17,10,2.0,7.38,20
18,11,1.2000000000000002,12.43,20
19,12,1.5,22.54,20
20,13,1.9000000000000001,18.23,20
