idx,seq,priority,weight,size(ft)
8,1,0.1,11.77,20
9,2,2.0,20.56,20
10,3,0.0,19.02,20
11,4,0.8,11.01,20
12,5,0.2,7.21,20
13,6,0.4,19.43,20
14,7,1.3,16.51,20
15,8,1.4000000000000001,3.8,20
16,9,1.6,23.52,20
17,10,0.5,18.76,20
18,11,1.9000000000000001,17.14,20
19,12,1.2000000000000002,14.81,20
20,13,0.0,8.99,20
