idx,seq,priority,weight,size(ft)
8,1,0.1,14.94,20
9,2,0.4,6.57,20
10,3,1.3,9.69,20
11,4,1.5,12.99,20
12,5,0.6000000000000001,5.92,20
13,6,1.8,22.67,20
14,7,1.0,14.03,20
15,8,1.6,14.33,20
16,9,0.0,7.38,20
17,10,1.9000000000000001,7.56,20
18,11,0.0,17.11,20
19,12,2.0,22.69,20
20,13,1.1,13.72,20
