idx,seq,priority,weight,size(ft)
8,1,1.8,11.0,20
9,2,1.5,21.63,20
10,3,1.7000000000000002,11.89,20
11,4,0.30000000000000004,6.06,20
12,5,0.0,16.92,20
13,6,0.7000000000000001,23.8,20
14,7,0.2,7.64,20
15,8,0.0,23.38,20
16,9,1.1,16.25,20
17,10,0.0,8.45,20
18,11,0.5,9.85,20
19,12,0.0,12.0,20
20,13,0.4,11.22,20
