idx,seq,priority,weight,size(ft)
8,1,1.8,5.57,20
9,2,1.7000000000000002,23.21,20
10,3,0.5,10.01,20
11,4,0.4,23.27,20
12,5,1.0,12.02,20
13,6,0.7000000000000001,9.23,20
14,7,2.0,7.69,20
15,8,0.30000000000000004,22.64,20
16,9,1.3,14.96,20
17,10,1.4000000000000001,22.89,20
18,11,0.9,18.28,20
19,12,1.9000000000000001,5.34,20
20,13,0.1,12.31,20
