idx,seq,priority,weight,size(ft)
8,1,0.4,16.96,20
9,2,1.0,9.46,20
10,3,1.1,21.94,20
11,4,0.0,23.8,20
12,5,0.30000000000000004,16.74,20
13,6,0.6000000000000001,6.62,20
14,7,0.5,23.48,20
15,8,1.6,10.71,20
16,9,0.0,15.47,20
17,10,2.0,22.59,20
18,11,1.3,6.66,20
19,12,1.2000000000000002,3.53,20
20,13,0.9,11.84,20
