idx,seq,priority,weight,size(ft)
8,1,0.2,12.93,20
9,2,1.0,13.79,20
10,3,1.3,18.69,20
11,4,1.5,8.85,20
12,5,1.7000000000000002,20.44,20
13,6,0.9,23.38,20
14,7,1.8,12.45,20
15,8,0.7000000000000001,10.28,20
16,9,1.6,18.0,20
17,10,1.9000000000000001,10.25,20
18,11,0.6000000000000001,6.78,20
19,12,0.0,3.42,20
20,13,0.4,10.39,20
