idx,seq,priority,weight,size(ft)
8,1,1.0,12.34,20
9,2,1.6,18.07,20
10,3,1.9000000000000001,11.37,20
11,4,1.3,15.52,20
12,5,0.5,18.66,20
13,6,0.1,23.49,20
14,7,1.8,23.46,20
15,8,1.1,14.28,20
16,9,0.0,4.53,20
17,10,0.2,13.43,20
18,11,1.7000000000000002,5.28,20
19,12,0.6000000000000001,4.38,20
20,13,0.0,12.37,20
