idx,seq,priority,weight,size(ft)
8,1,0.5,12.49,20
9,2,1.6,15.94,20
10,3,1.5,13.63,20
11,4,0.7000000000000001,20.86,20
12,5,1.3,21.88,20
13,6,0.0,8.16,20
14,7,1.2000000000000002,20.3,20
15,8,0.9,8.68,20
16,9,1.7000000000000002,22.2,20
17,10,0.2,7.91,20
18,11,0.30000000000000004,13.71,20
19,12,2.0,9.59,20
20,13,0.0,9.22,20
