idx,loc_x,loc_y,loc_z,weight,priority,size(ft)
1,5,0,0,7.79,0.4,20
2,2,0,0,6.0,1.9000000000000001,20
3,6,0,0,23.27,0.8,20
4,5,0,1,12.6,0.7000000000000001,20
5,1,0,0,16.51,1.4000000000000001,20
6,2,0,1,16.92,1.8,20
7,3,0,0,7.45,1.3,20
