idx,loc_x,loc_y,loc_z,weight,priority,size(ft)
1,3,0,0,13.52,1.2000000000000002,20
2,2,0,0,3.24,2.0,20
3,6,0,0,12.15,0.5,20
4,2,0,1,23.5,0.30000000000000004,20
5,6,0,1,8.35,1.1,20
6,5,0,0,6.57,0.0,20
7,6,0,2,14.01,0.1,20
