idx,loc_x,loc_y,loc_z,weight,priority,size(ft)
1,5,0,0,4.53,0.8,20
2,3,0,0,21.99,0.30000000000000004,20
3,5,0,1,18.91,1.4000000000000001,20
4,3,0,1,8.03,0.4,20
5,5,0,2,5.04,0.9,20
6,2,0,0,20.69,0.7000000000000001,20
7,6,0,0,20.5,1.2000000000000002,20
