idx,loc_x,loc_y,loc_z,weight,priority,size(ft)
1,6,0,0,8.43,0.7000000000000001,20
2,1,0,0,14.39,1.8,20
3,1,0,1,16.18,0.2,20
4,5,0,0,10.79,0.1,20
5,4,0,0,8.26,1.9000000000000001,20
6,5,0,1,12.54,0.0,20
7,5,0,2,17.61,1.7000000000000002,20
