idx,loc_x,loc_y,loc_z,weight,priority,size(ft)
1,1,0,0,7.37,0.1,20
2,5,0,0,13.91,1.0,20
3,1,0,1,16.67,1.9000000000000001,20
4,2,0,0,16.89,0.5,20
5,5,0,1,9.35,0.8,20
6,5,0,2,23.7,1.2000000000000002,20
7,5,0,3,17.42,0.30000000000000004,20
