idx,loc_x,loc_y,loc_z,weight,priority,size(ft)
1,6,0,0,11.47,1.9000000000000001,20
2,6,0,1,7.08,0.6000000000000001,20
3,3,0,0,16.2,1.1,20
4,1,0,0,19.83,0.8,20
5,1,0,1,13.6,1.0,20
6,1,0,2,20.58,0.4,20
7,5,0,0,15.7,1.4000000000000001,20
