idx,loc_x,loc_y,loc_z,weight,priority,size(ft)
1,3,0,0,18.03,0.30000000000000004,20
2,1,0,0,4.84,0.8,20
3,3,0,1,8.57,1.2000000000000002,20
4,2,0,0,9.68,1.7000000000000002,20
5,2,0,1,9.59,0.9,20
6,5,0,0,22.96,1.8,20
7,6,0,0,21.35,1.3,20
