idx,loc_x,loc_y,loc_z,weight,priority,size(ft)
1,5,0,0,16.74,1.4000000000000001,20
2,4,0,0,14.45,0.8,20
3,5,0,1,5.13,1.2000000000000002,20
4,6,0,0,15.32,0.2,20
5,5,0,2,8.24,0.9,20
6,2,0,0,23.69,0.7000000000000001,20
7,5,0,3,7.85,1.7000000000000002,20
