idx,loc_x,loc_y,loc_z,weight,priority,size(ft)
1,2,0,0,14.98,2.0,20
2,3,0,0,13.78,0.0,20
3,2,0,1,10.67,1.0,20
4,6,0,0,17.33,1.1,20
5,3,0,1,4.47,1.4000000000000001,20
6,1,0,0,18.8,0.30000000000000004,20
7,6,0,1,19.93,1.8,20
