idx,loc_x,loc_y,loc_z,weight,priority,size(ft)
1,1,0,0,5.31,1.1,20
2,6,0,0,11.27,1.6,20
3,2,0,0,9.59,0.6000000000000001,20
4,1,0,1,20.69,0.0,20
5,2,0,1,22.75,1.5,20
6,6,0,1,14.04,1.2000000000000002,20
7,6,0,2,15.13,0.2,20
