idx,loc_x,loc_y,loc_z,weight,priority,size(ft)
1,3,0,0,17.07,0.2,20
2,5,0,0,14.34,1.7000000000000002,20
3,4,0,0,14.04,1.8,20
4,5,0,1,18.66,1.1,20
5,1,0,0,19.64,0.4,20
6,1,0,1,4.17,1.9000000000000001,20
7,5,0,2,16.72,0.6000000000000001,20
