idx,seq,priority,weight,size(ft)
4,1,1.8,4.78,20
5,2,0.7000000000000001,10.32,20
6,3,2.3000000000000003,13.63,20
7,4,1.2000000000000002,23.57,20
8,5,0.4,17.37,20
9,6,0.6000000000000001,7.24,20
10,7,1.3,20.27,20
11,8,2.0,5.77,20
12,9,0.5,7.38,20
13,10,0.0,10.43,20
14,11,1.4000000000000001,17.11,20
15,12,0.30000000000000004,5.88,20
16,13,1.7000000000000002,4.41,20
17,14,0.2,7.86,20
18,15,1.5,23.76,20
19,16,0.1,10.26,20
20,17,0.8,15.66,20
21,18,2.2,20.48,20
22,19,1.0,20.98,20
23,20,1.1,13.72,20
