idx,seq,priority,weight,size(ft)
4,1,1.6,13.06,20
5,2,2.0,18.63,20
6,3,1.5,17.26,20
7,4,1.1,18.22,20
8,5,0.6000000000000001,3.88,20
9,6,0.5,5.24,20
10,7,2.3000000000000003,18.83,20
11,8,0.9,11.59,20
12,9,2.1,14.47,20
13,10,0.7000000000000001,23.57,20
14,11,1.4000000000000001,23.53,20
15,12,1.0,12.79,20
16,13,0.30000000000000004,10.08,20
17,14,1.2000000000000002,17.57,20
18,15,1.9000000000000001,8.52,20
19,16,0.1,18.91,20
20,17,1.3,20.78,20
21,18,0.4,9.82,20
22,19,1.8,19.49,20
23,20,2.2,5.38,20
