idx,seq,priority,weight,size(ft)
4,1,1.1,11.92,20
5,2,0.6000000000000001,9.49,20
6,3,2.0,18.93,20
7,4,0.0,23.69,20
8,5,2.2,21.06,20
9,6,0.1,5.69,20
10,7,1.6,14.1,20
11,8,1.2000000000000002,23.77,20
12,9,1.4000000000000001,10.78,20
13,10,2.3000000000000003,20.68,20
14,11,1.9000000000000001,22.47,20
15,12,0.30000000000000004,11.81,20
16,13,1.3,8.89,20
17,14,1.0,20.78,20
18,15,0.0,4.21,20
19,16,0.0,4.63,20
20,17,0.5,16.89,20
21,18,0.8,15.56,20
22,19,1.5,9.96,20
23,20,0.0,9.64,20
