idx,seq,priority,weight,size(ft)
4,1,0.5,10.39,20
5,2,0.0,17.82,20
6,3,1.5,21.08,20
7,4,0.0,5.12,20
8,5,1.7000000000000002,12.89,20
9,6,1.1,12.52,20
10,7,2.3000000000000003,20.3,20
11,8,0.9,5.88,20
12,9,1.8,3.19,20
13,10,0.0,13.88,20
14,11,1.4000000000000001,7.85,20
15,12,1.2000000000000002,23.87,20
16,13,0.0,12.42,20
17,14,0.0,11.12,20
18,15,0.7000000000000001,14.93,20
19,16,1.0,4.32,20
20,17,1.9000000000000001,8.5,20
21,18,0.2,13.71,20
22,19,2.2,12.29,20
23,20,0.8,5.38,20
