idx,seq,priority,weight,size(ft)
4,1,1.6,18.82,20
5,2,2.0,12.51,20
6,3,0.0,10.45,20
7,4,0.1,3.99,20
8,5,1.3,15.31,20
9,6,2.1,23.52,20
10,7,1.9000000000000001,12.23,20
11,8,0.7000000000000001,8.62,20
12,9,0.5,23.87,20
13,10,2.3000000000000003,19.42,20
14,11,1.7000000000000002,8.64,20
15,12,0.8,3.5,20
16,13,0.6000000000000001,15.98,20
17,14,0.4,3.19,20
18,15,1.1,8.83,20
19,16,0.2,4.05,20
20,17,1.0,15.94,20
21,18,0.0,10.78,20
22,19,0.0,14.09,20
23,20,0.0,8.75,20
