idx,seq,priority,weight,size(ft)
4,1,2.3000000000000003,12.94,20
5,2,2.0,22.75,20
6,3,1.3,16.17,20
7,4,1.1,21.24,20
8,5,1.4000000000000001,9.26,20
9,6,0.1,5.71,20
10,7,0.8,23.04,20
11,8,0.2,17.66,20
12,9,0.4,22.24,20
13,10,1.0,10.16,20
14,11,1.5,15.26,20
15,12,0.6000000000000001,20.25,20
16,13,0.5,23.66,20
17,14,1.9000000000000001,22.04,20
18,15,2.2,6.99,20
19,16,0.0,4.41,20
20,17,0.9,23.25,20
21,18,1.7000000000000002,12.0,20
22,19,0.0,10.09,20
23,20,0.30000000000000004,19.69,20
