idx,seq,priority,weight,size(ft)
4,1,0.6000000000000001,11.75,20
5,2,1.6,18.09,20
6,3,0.30000000000000004,19.69,20
7,4,2.1,8.6,20
8,5,2.0,5.34,20
9,6,1.8,4.85,20
10,7,0.9,12.8,20
11,8,1.1,22.71,20
12,9,0.7000000000000001,15.95,20
13,10,0.0,22.2,20
14,11,1.4000000000000001,9.61,20
15,12,1.2000000000000002,20.4,20
16,13,1.5,18.53,20
17,14,1.0,23.67,20
18,15,1.3,3.22,20
19,16,2.2,6.9,20
20,17,0.0,15.74,20
21,18,0.8,19.13,20
22,19,0.0,22.34,20
23,20,0.4,14.64,20
