idx,seq,priority,weight,size(ft)
4,1,0.2,11.1,20
5,2,2.0,19.41,20
6,3,1.5,13.03,20
7,4,1.0,4.47,20
8,5,0.9,17.49,20
9,6,1.1,4.81,20
10,7,1.8,15.43,20
11,8,2.1,3.23,20
12,9,1.7000000000000002,9.13,20
13,10,0.5,7.25,20
14,11,1.2000000000000002,22.81,20
15,12,0.6000000000000001,12.57,20
16,13,1.6,14.79,20
17,14,2.2,13.06,20
18,15,0.0,3.3,20
19,16,0.0,3.93,20
20,17,1.3,8.64,20
21,18,0.8,18.42,20
22,19,0.7000000000000001,15.19,20
23,20,0.1,4.85,20
