idx,seq,priority,weight,size(ft)
4,1,0.2,14.75,20
5,2,1.0,11.48,20
6,3,0.5,22.58,20
7,4,1.5,10.01,20
8,5,2.0,7.43,20
9,6,1.4000000000000001,17.83,20
10,7,0.9,11.84,20
11,8,1.2000000000000002,5.43,20
12,9,2.2,14.47,20
13,10,1.3,8.17,20
14,11,2.1,19.87,20
15,12,0.4,7.51,20
16,13,0.1,9.87,20
17,14,1.7000000000000002,12.47,20
18,15,0.0,9.92,20
19,16,0.8,5.52,20
20,17,0.7000000000000001,20.95,20
21,18,1.9000000000000001,6.14,20
22,19,1.8,12.74,20
23,20,1.1,16.76,20
