idx,seq,priority,weight,size(ft)
4,1,0.2,14.57,20
5,2,0.5,9.47,20
6,3,2.2,7.1,20
7,4,0.0,15.94,20
8,5,1.1,5.39,20
9,6,2.0,4.31,20
10,7,1.8,20.47,20
11,8,1.9000000000000001,15.41,20
12,9,0.4,10.87,20
13,10,0.9,16.86,20
14,11,1.0,9.34,20
15,12,0.30000000000000004,17.83,20
16,13,0.7000000000000001,18.76,20
17,14,1.7000000000000002,8.11,20
18,15,0.0,12.23,20
19,16,1.5,8.84,20
20,17,1.4000000000000001,12.84,20
21,18,0.1,6.81,20
22,19,0.6000000000000001,20.15,20
23,20,1.2000000000000002,4.79,20
