idx,seq,priority,weight,size(ft)
4,1,0.30000000000000004,13.46,20
5,2,0.8,9.81,20
6,3,2.1,20.75,20
7,4,1.8,20.38,20
8,5,2.0,21.11,20
9,6,1.6,20.35,20
10,7,1.3,10.43,20
11,8,0.6000000000000001,9.72,20
12,9,0.7000000000000001,13.19,20
13,10,0.4,17.95,20
14,11,1.1,19.52,20
15,12,1.9000000000000001,4.43,20
16,13,2.2,3.31,20
17,14,1.4000000000000001,21.99,20
18,15,0.0,11.72,20
19,16,1.5,5.3,20
20,17,0.0,22.31,20
21,18,0.1,3.39,20
22,19,0.0,11.74,20
23,20,0.0,3.11,20
