idx,seq,priority,weight,size(ft)
4,1,0.7000000000000001,9.96,20
5,2,1.4000000000000001,20.39,20
6,3,2.2,7.4,20
7,4,2.1,7.17,20
8,5,2.3000000000000003,22.07,20
9,6,1.6,7.74,20
10,7,1.5,23.07,20
11,8,0.6000000000000001,11.51,20
12,9,1.3,16.08,20
13,10,2.0,9.95,20
14,11,0.1,16.85,20
15,12,1.1,4.57,20
16,13,0.5,15.59,20
17,14,0.0,9.93,20
18,15,0.2,21.89,20
19,16,0.0,3.59,20
20,17,0.4,14.6,20
21,18,1.2000000000000002,5.71,20
22,19,0.8,10.6,20
23,20,0.30000000000000004,9.77,20
