idx,seq,priority,weight,size(ft)
4,1,0.9,12.24,20
5,2,1.4000000000000001,6.76,20
6,3,0.4,18.87,20
7,4,0.8,20.11,20
8,5,0.2,10.92,20
9,6,1.6,23.95,20
10,7,1.0,6.16,20
11,8,0.6000000000000001,20.3,20
12,9,1.9000000000000001,17.14,20
13,10,0.0,5.17,20
14,11,1.3,8.75,20
15,12,1.8,18.04,20
16,13,2.0,12.36,20
17,14,0.0,14.55,20
18,15,1.5,13.32,20
19,16,0.0,11.87,20
20,17,0.30000000000000004,20.82,20
21,18,0.1,10.59,20
22,19,0.7000000000000001,10.83,20
23,20,2.1,6.77,20
