idx,seq,priority,weight,size(ft)
4,1,2.0,15.33,20
5,2,0.8,14.25,20
6,3,1.9000000000000001,20.41,20
7,4,0.5,16.42,20
8,5,0.0,9.87,20
9,6,0.6000000000000001,22.95,20
10,7,1.3,19.23,20
11,8,1.4000000000000001,21.8,20
12,9,2.2,13.42,20
13,10,2.3000000000000003,18.28,20
14,11,0.4,10.47,20
15,12,2.1,6.4,20
16,13,1.6,17.2,20
17,14,1.1,5.87,20
18,15,0.2,8.46,20
19,16,1.2000000000000002,21.89,20
20,17,0.0,11.97,20
21,18,1.5,7.76,20
22,19,0.1,8.49,20
23,20,0.0,15.0,20
