idx,loc_x,loc_y,loc_z,weight,priority,size(ft)
1,3,0,0,13.69,1.2000000000000002,20
2,1,0,0,5.54,1.1,20
3,4,0,0,13.29,2.3000000000000003,20
