idx,loc_x,loc_y,loc_z,weight,priority,size(ft)
1,6,0,0,4.02,1.6,20
2,6,0,1,15.81,0.6000000000000001,20
3,5,0,0,8.62,0.30000000000000004,20
