idx,loc_x,loc_y,loc_z,weight,priority,size(ft)
1,3,0,0,3.66,0.4,20
2,1,0,0,15.72,1.9000000000000001,20
3,2,0,0,21.35,2.3000000000000003,20
