idx,loc_x,loc_y,loc_z,weight,priority,size(ft)
1,3,0,0,20.42,0.7000000000000001,20
2,3,0,1,20.66,1.0,20
3,6,0,0,9.39,0.30000000000000004,20
