idx,loc_x,loc_y,loc_z,weight,seq,emerg,reloc,size(ft)
1,2,0,0,19.39,1,0,1.000000000000002,20
2,4,0,0,21.18,2,0,1.0,20
3,2,0,1,12.28,3,0,0.9999999999999998,20
4,2,0,2,18.87,4,0,0.9999999999999998,20
5,3,0,0,7.55,5,0,1.0,20
6,2,0,3,13.29,6,0,1.0,20
7,3,0,1,9.47,7,0,1.0,20
8,5,0,0,22.76,8,0,0,20
9,3,0,2,18.42,9,0,1.0,20
10,4,0,1,9.46,10,0,1.0,20
11,1,0,0,6.31,11,0,1.0,20
12,4,0,2,16.54,12,0,1.0,20
13,1,0,1,9.24,13,0,1.0,20
14,1,0,2,5.53,14,0,0.9999999999999982,20
15,3,0,3,16.82,15,0,1.0,20
