idx,loc_x,loc_y,loc_z,weight,group,score,seq,reloc,size(ft)
1,2,0,0,9.37,0,9.37,0,0,20
2,3,0,0,20.44,0,20.44,0,0,20
3,4,0,0,9.33,2,209.33,0,1.0,20
4,2,0,1,15.3,1,115.3,1,0,20
5,3,0,1,14.83,3,314.83,2,1.0,20
6,5,0,0,19.4,3,319.4,3,0,20
7,3,0,2,11.02,3,311.02,4,1.0,20
8,2,0,2,5.47,2,205.47,5,0,20
9,1,0,0,22.1,1,122.1,6,0.9999999999999964,20
10,1,0,1,20.73,1,120.73,7,0.9999999999999964,20
