idx,loc_x,loc_y,loc_z,weight,group,score,seq,reloc,size(ft)
1,4,0,0,15.52,1,115.52,0,0,20
2,2,0,0,5.72,0,5.72,0,0,20
3,1,0,0,20.72,3,320.72,0,1.0000000000000053,20
4,5,0,0,20.89,3,320.89,1,0,20
5,2,0,1,23.7,0,23.7,2,0,20
6,2,0,2,16.53,2,216.53,3,0.9999999999999716,20
7,2,0,3,8.94,2,208.94,4,0.9999999999999714,20
8,3,0,0,5.9,0,5.9,5,1.0,20
9,1,0,1,16.26,3,316.26,6,1.0000000000000107,20
10,3,0,1,14.59,0,14.59,7,1.0,20
