idx,loc_x,loc_y,loc_z,weight,seq,emerg,reloc,size(ft)
1,1,0,0,8.6,0,0,1.0,20
2,2,0,0,12.29,0,0,1.0,20
3,6,0,0,16.13,0,0,0,20
4,2,0,1,15.61,0,0,1.0,20
5,6,0,1,16.55,0,0,0,20
6,3,0,0,15.84,1,0,0,20
7,2,0,2,10.58,2,0,1.0,20
8,1,0,1,5.01,3,0,1.0,20
9,3,0,1,22.8,4,0,1.0,20
10,2,0,3,20.41,5,0,1.0000000000000002,20
11,1,0,2,5.73,6,0,1.0,20
12,3,0,2,21.63,7,0,1.0,20
13,1,0,3,20.86,8,0,1.0000000000000056,20
14,5,0,0,23.68,9,0,0,20
15,4,0,0,17.38,10,0,0,20
