idx,loc_x,loc_y,loc_z,weight,seq,emerg,reloc,size(ft)
1,1,0,0,6.75,0,0,0,20
2,5,0,0,7.65,0,0,0,20
3,1,0,1,23.03,0,0,0,20
4,4,0,0,7.51,0,0,0,20
5,2,0,0,18.61,0,0,0,20
6,4,0,1,10.18,1,0,0,20
7,4,0,2,12.88,2,0,0,20
8,4,0,3,17.43,3,0,0,20
9,5,0,1,14.25,4,0,0,20
10,2,0,1,21.98,5,0,0.9999999999999936,20
11,3,0,0,10.38,6,0,1.0,20
12,2,0,2,19.53,7,0,1.0,20
13,3,0,1,15.79,8,0,1.000000000000199,20
14,3,0,2,5.2,9,0,1.000000000000199,20
15,3,0,3,14.67,10,0,1.0000000000001967,20
