idx,loc_x,loc_y,loc_z,weight,group,score,seq,reloc,size(ft)
1,5,0,0,19.08,0,19.08,0,1.0,20
2,5,0,1,15.99,0,15.99,0,1.0,20
3,2,0,0,20.1,0,20.1,1,1.0000000000000067,20
4,2,0,1,15.05,0,15.05,2,1.0000000000000067,20
5,1,0,0,13.28,0,13.28,3,0,20
