idx,loc_x,loc_y,loc_z,weight,group,score,seq,reloc,size(ft)
1,4,0,0,10.37,0,10.37,0,0,20
2,2,0,0,20.34,0,20.34,0,1.0,20
3,1,0,0,18.11,0,18.11,1,0.9999999999999885,20
4,1,0,1,14.72,0,14.72,2,0.9999999999999885,20
5,1,0,2,20.15,0,20.15,3,1.0,20
