idx,loc_x,loc_y,loc_z,weight,seq,emerg,reloc,size(ft)
1,1,0,0,18.04,0,0,0.9999999999999716,20
2,6,0,0,22.04,0,0,0,20
3,3,0,0,9.69,0,0,0.9999999999999716,20
4,1,0,1,5.67,1,0,1.0,20
5,2,0,0,16.49,2,0,1.0,20
6,4,0,0,23.33,3,0,0,20
7,2,0,1,10.54,4,0,1.0,20
8,3,0,1,8.58,5,0,0.9999999999999716,20
9,1,0,2,6.69,6,0,1.0,20
10,2,0,2,15.61,7,0,1.0,20
