idx,loc_x,loc_y,loc_z,weight,seq,emerg,reloc,size(ft)
1,4,0,0,19.76,0,0,0,20
2,5,0,0,23.16,0,0,1.0,20
3,3,0,0,17.22,0,0,1.0,20
4,3,0,1,15.03,1,0,1.0,20
5,1,0,0,13.54,2,0,1.0,20
6,1,0,1,5.67,3,0,1.0000000000000002,20
7,1,0,2,20.68,4,0,1.0000000000000002,20
8,2,0,0,9.2,5,0,1.0,20
9,4,0,1,21.53,6,0,0,20
10,2,0,1,6.08,7,0,1.0,20
