idx,loc_x,loc_y,loc_z,weight,seq,emerg,reloc,size(ft)
1,4,0,0,13.99,0,0,1.0,20
2,4,0,1,6.33,0,0,1.0,20
3,1,0,0,13.07,0,0,0.9999999999999716,20
4,2,0,0,18.86,1,0,1.0,20
5,4,0,2,18.73,2,0,1.0000000000000004,20
6,2,0,1,17.46,3,0,1.0,20
7,5,0,0,20.9,4,0,0,20
8,2,0,2,18.02,5,0,1.0000000000000142,20
9,1,0,1,8.67,6,0,0.9999999999999716,20
10,3,0,0,10.99,7,0,1.0,20
