idx,seq,priority,weight,size(ft)
4,1,0.6000000000000001,12.33,20
5,2,1.2000000000000002,16.86,20
6,3,0.5,12.77,20
7,4,0.2,13.18,20
8,5,1.6,11.15,20
9,6,0.7000000000000001,16.33,20
10,7,1.7000000000000002,13.18,20
11,8,0.8,17.57,20
12,9,1.1,13.6,20
13,10,0.4,23.66,20
14,11,0.0,19.66,20
15,12,1.5,20.83,20
16,13,0.0,7.16,20
17,14,1.0,5.06,20
18,15,0.9,23.94,20
