idx,seq,priority,weight,size(ft)
4,1,0.30000000000000004,7.55,20
5,2,1.2000000000000002,21.99,20
6,3,0.9,12.09,20
7,4,1.3,5.61,20
8,5,0.2,17.48,20
9,6,1.4000000000000001,11.92,20
10,7,1.1,17.28,20
11,8,0.1,15.29,20
12,9,0.4,6.83,20
13,10,0.8,16.64,20
14,11,1.0,14.44,20
15,12,0.0,23.26,20
16,13,0.5,20.44,20
17,14,1.5,7.85,20
18,15,1.8,11.03,20
