idx,seq,priority,weight,size(ft)
4,1,1.3,3.12,20
5,2,0.4,10.45,20
6,3,1.6,21.52,20
7,4,0.9,11.23,20
8,5,1.4000000000000001,13.94,20
9,6,1.1,20.54,20
10,7,0.0,6.66,20
11,8,0.8,11.9,20
12,9,1.2000000000000002,13.45,20
13,10,0.7000000000000001,21.12,20
14,11,1.8,20.33,20
15,12,0.2,11.49,20
16,13,1.5,9.73,20
17,14,0.5,19.74,20
18,15,1.7000000000000002,22.82,20
