idx,seq,priority,weight,size(ft)
4,1,0.30000000000000004,8.83,20
5,2,0.2,8.41,20
6,3,1.7000000000000002,21.27,20
7,4,0.0,16.42,20
8,5,1.6,22.78,20
9,6,0.6000000000000001,22.46,20
10,7,1.5,23.25,20
11,8,0.1,20.23,20
12,9,1.8,8.67,20
13,10,1.0,20.78,20
14,11,0.9,14.49,20
15,12,0.7000000000000001,3.99,20
16,13,1.4000000000000001,11.7,20
17,14,0.5,20.54,20
18,15,0.0,10.45,20
