idx,seq,priority,weight,size(ft)
4,1,1.6,11.14,20
5,2,1.7000000000000002,8.53,20
6,3,1.3,21.91,20
7,4,1.1,7.72,20
8,5,0.7000000000000001,18.8,20
9,6,1.4000000000000001,3.15,20
10,7,0.0,8.09,20
11,8,0.1,20.72,20
12,9,0.0,23.59,20
13,10,0.6000000000000001,18.75,20
14,11,0.30000000000000004,3.17,20
15,12,1.5,20.84,20
16,13,0.2,22.5,20
17,14,0.0,14.25,20
18,15,1.2000000000000002,11.6,20
