idx,seq,priority,weight,size(ft)
4,1,0.4,11.12,20
5,2,1.3,17.31,20
6,3,0.5,12.76,20
7,4,0.9,12.28,20
8,5,0.1,14.41,20
9,6,0.6000000000000001,9.51,20
10,7,1.0,7.8,20
11,8,0.2,20.96,20
12,9,0.0,19.84,20
13,10,0.8,9.03,20
14,11,1.6,19.39,20
15,12,1.4000000000000001,19.32,20
16,13,0.7000000000000001,20.08,20
17,14,0.0,3.36,20
18,15,1.8,19.66,20
