idx,seq,priority,weight,size(ft)
4,1,0.7000000000000001,3.2,20
5,2,0.30000000000000004,21.88,20
6,3,0.1,15.1,20
7,4,0.0,10.02,20
8,5,1.4000000000000001,19.14,20
9,6,0.2,18.83,20
10,7,1.1,11.88,20
11,8,1.8,5.47,20
12,9,0.6000000000000001,19.71,20
13,10,0.0,8.74,20
14,11,1.7000000000000002,19.24,20
15,12,0.5,3.11,20
16,13,0.4,8.11,20
17,14,0.8,3.42,20
18,15,1.6,7.42,20
