idx,seq,priority,weight,size(ft)
4,1,0.1,23.6,20
5,2,0.8,4.4,20
6,3,1.1,6.77,20
7,4,1.5,4.72,20
8,5,1.3,15.75,20
9,6,1.0,17.77,20
10,7,0.5,19.6,20
11,8,1.7000000000000002,12.07,20
12,9,0.4,18.87,20
13,10,1.4000000000000001,18.27,20
14,11,1.8,7.6,20
15,12,1.6,15.02,20
16,13,0.6000000000000001,9.38,20
17,14,0.0,21.48,20
18,15,0.2,3.49,20
