idx,seq,priority,weight,size(ft)
4,1,0.9,8.14,20
5,2,1.1,20.92,20
6,3,1.5,17.96,20
7,4,1.4000000000000001,17.16,20
8,5,1.2000000000000002,18.06,20
9,6,1.6,6.49,20
10,7,1.0,10.42,20
11,8,1.3,12.54,20
12,9,0.7000000000000001,20.83,20
13,10,0.0,23.46,20
14,11,0.1,19.59,20
15,12,0.4,13.18,20
16,13,0.30000000000000004,17.41,20
17,14,1.8,23.26,20
18,15,0.0,15.56,20
