idx,seq,priority,weight,size(ft)
4,1,0.7000000000000001,3.15,20
5,2,0.1,15.39,20
6,3,0.0,21.72,20
7,4,1.5,18.49,20
8,5,0.9,4.06,20
9,6,1.6,9.82,20
10,7,0.2,3.08,20
11,8,1.7000000000000002,21.78,20
12,9,1.2000000000000002,8.19,20
13,10,1.8,19.57,20
14,11,0.5,12.18,20
15,12,0.4,14.69,20
16,13,1.3,14.04,20
17,14,0.30000000000000004,19.88,20
18,15,0.0,19.03,20
