idx,seq,priority,weight,size(ft)
4,1,1.3,6.85,20
5,2,0.0,4.13,20
6,3,0.4,10.44,20
7,4,0.0,11.82,20
8,5,0.9,23.7,20
9,6,0.7000000000000001,19.13,20
10,7,1.0,20.5,20
11,8,0.0,10.7,20
12,9,1.2000000000000002,15.07,20
13,10,0.30000000000000004,3.51,20
14,11,0.6000000000000001,19.8,20
15,12,0.2,8.91,20
16,13,1.5,19.62,20
17,14,0.8,7.79,20
18,15,1.1,9.19,20
