idx,seq,priority,weight,size(ft)
4,1,1.4000000000000001,7.14,20
5,2,1.0,21.41,20
6,3,0.8,7.01,20
7,4,0.9,8.86,20
8,5,0.0,23.82,20
9,6,0.30000000000000004,15.94,20
10,7,0.0,23.32,20
11,8,1.1,12.4,20
12,9,0.5,14.68,20
13,10,0.1,22.79,20
14,11,0.7000000000000001,17.75,20
15,12,1.5,23.82,20
16,13,0.4,18.6,20
17,14,0.2,7.4,20
18,15,0.6000000000000001,17.81,20
