idx,seq,priority,weight,size(ft)
4,1,0.5,9.43,20
5,2,0.7000000000000001,18.67,20
6,3,0.1,3.27,20
7,4,0.2,16.28,20
8,5,1.3,11.45,20
9,6,1.1,16.55,20
10,7,0.0,15.73,20
11,8,1.2000000000000002,22.08,20
12,9,1.0,14.32,20
13,10,0.4,23.72,20
14,11,1.5,19.29,20
15,12,1.7000000000000002,20.2,20
16,13,1.8,7.09,20
17,14,0.0,19.85,20
18,15,0.0,17.24,20
