idx,seq,priority,weight,size(ft)
4,1,0.0,19.84,20
5,2,0.4,8.34,20
6,3,1.4000000000000001,14.3,20
7,4,0.1,4.53,20
8,5,0.7000000000000001,11.73,20
9,6,1.5,4.87,20
10,7,1.1,18.08,20
11,8,1.3,10.29,20
12,9,1.7000000000000002,11.87,20
13,10,0.2,20.85,20
14,11,0.8,5.14,20
15,12,0.0,6.9,20
16,13,0.5,14.74,20
17,14,1.6,8.39,20
18,15,0.30000000000000004,11.7,20
