idx,seq,priority,weight,size(ft)
4,1,1.6,4.92,20
5,2,0.9,15.54,20
6,3,1.7000000000000002,7.85,20
7,4,0.6000000000000001,12.49,20
8,5,0.0,3.61,20
9,6,1.5,3.03,20
10,7,1.3,18.49,20
11,8,0.8,14.59,20
12,9,0.1,7.5,20
13,10,1.1,9.85,20
14,11,1.0,8.93,20
15,12,0.5,12.15,20
16,13,1.8,22.22,20
17,14,0.4,4.58,20
18,15,0.7000000000000001,10.09,20
