idx,loc_x,loc_y,loc_z,weight,priority,size(ft)
1,5,0,0,3.92,0.1,20
2,1,0,0,17.01,0.30000000000000004,20
3,5,0,1,12.15,0.6000000000000001,20
