idx,loc_x,loc_y,loc_z,weight,priority,size(ft)
1,2,0,0,22.63,0.0,20
2,5,0,0,13.34,1.4000000000000001,20
3,1,0,0,5.41,0.30000000000000004,20
