idx,loc_x,loc_y,loc_z,weight,priority,size(ft)
1,1,0,0,20.3,1.4000000000000001,20
2,1,0,1,10.13,1.2000000000000002,20
3,4,0,0,13.69,0.30000000000000004,20
