idx,loc_x,loc_y,loc_z,weight,priority,size(ft)
1,3,0,0,23.4,0.6000000000000001,20
2,1,0,0,19.78,1.7000000000000002,20
3,1,0,1,22.42,0.5,20
