idx,loc_x,loc_y,loc_z,weight,priority,size(ft)
1,2,0,0,4.0,0.7000000000000001,20
2,1,0,0,22.58,0.30000000000000004,20
3,1,0,1,9.56,1.2000000000000002,20
