idx,loc_x,loc_y,loc_z,weight,priority,size(ft)
1,3,0,0,14.59,1.4000000000000001,20
2,4,0,0,8.2,1.6,20
3,3,0,1,23.01,1.7000000000000002,20
