idx,loc_x,loc_y,loc_z,weight,priority,size(ft)
1,1,0,0,3.0,1.1,20
2,6,0,0,16.75,1.7000000000000002,20
3,5,0,0,12.09,0.30000000000000004,20
