idx,loc_x,loc_y,loc_z,weight,priority,size(ft)
1,1,0,0,16.76,0.6000000000000001,20
2,3,0,0,20.0,1.6,20
3,1,0,1,6.87,1.7000000000000002,20
