idx,seq,priority,weight,size(ft)
1,1,0.6000000000000001,18.56,20
2,2,0.5,23.68,20
3,3,0.9,14.97,20
4,4,1.3,14.19,20
5,5,1.2000000000000002,17.85,20
6,6,0.1,3.23,20
7,7,0.4,9.91,20
8,8,0.30000000000000004,10.31,20
9,9,0.7000000000000001,20.86,20
10,10,0.2,16.73,20
11,11,1.0,16.46,20
12,12,0.0,10.95,20
13,13,1.1,17.92,20
