idx,seq,priority,weight,size(ft)
1,1,1.1,17.55,20
2,2,0.6000000000000001,4.38,20
3,3,0.4,14.56,20
4,4,0.30000000000000004,14.91,20
5,5,0.8,13.05,20
6,6,0.2,23.39,20
7,7,0.1,22.7,20
8,8,0.9,22.4,20
9,9,0.0,11.04,20
10,10,1.0,21.88,20
11,11,0.7000000000000001,10.44,20
12,12,0.0,23.66,20
13,13,0.0,22.47,20
