idx,seq,priority,weight,size(ft)
1,1,0.8,9.02,20
2,2,0.9,9.51,20
3,3,0.2,7.88,20
4,4,1.1,16.28,20
5,5,1.0,13.43,20
6,6,0.5,9.26,20
7,7,0.30000000000000004,6.06,20
8,8,1.3,9.31,20
9,9,0.0,3.67,20
10,10,0.6000000000000001,17.02,20
11,11,0.7000000000000001,9.39,20
12,12,0.1,21.76,20
13,13,1.2000000000000002,7.71,20
