idx,seq,priority,weight,size(ft)
1,1,1.3,23.04,20
2,2,0.4,15.14,20
3,3,0.5,6.01,20
4,4,0.2,6.96,20
5,5,1.1,10.25,20
6,6,1.0,22.51,20
7,7,1.2000000000000002,13.32,20
8,8,0.0,4.34,20
9,9,0.6000000000000001,4.1,20
10,10,0.7000000000000001,22.71,20
11,11,0.8,21.84,20
12,12,0.9,17.74,20
13,13,0.1,7.2,20
