idx,seq,priority,weight,size(ft)
1,1,0.5,6.45,20
2,2,0.6000000000000001,8.57,20
3,3,1.1,8.25,20
4,4,0.2,5.59,20
5,5,0.1,11.93,20
6,6,1.2000000000000002,22.12,20
7,7,1.3,20.68,20
8,8,0.4,3.3,20
9,9,0.9,23.56,20
10,10,0.0,12.22,20
11,11,0.30000000000000004,20.06,20
12,12,0.7000000000000001,16.87,20
13,13,0.0,22.08,20
