idx,seq,priority,weight,size(ft)
1,1,1.1,11.06,20
2,2,1.2000000000000002,5.49,20
3,3,0.30000000000000004,22.57,20
4,4,0.0,17.56,20
5,5,1.0,8.12,20
6,6,0.5,14.94,20
7,7,1.3,11.56,20
8,8,0.1,5.3,20
9,9,0.7000000000000001,12.12,20
10,10,0.8,11.22,20
11,11,0.6000000000000001,18.92,20
12,12,0.4,3.04,20
13,13,0.9,19.44,20
