idx,seq,priority,weight,size(ft)
1,1,0.1,8.84,20
2,2,1.1,8.78,20
3,3,0.5,19.97,20
4,4,1.3,4.55,20
5,5,0.2,12.08,20
6,6,0.30000000000000004,8.27,20
7,7,0.9,4.86,20
8,8,0.6000000000000001,19.81,20
9,9,1.2000000000000002,15.61,20
10,10,0.0,17.76,20
11,11,1.0,14.59,20
12,12,0.0,11.5,20
13,13,0.8,17.5,20
