idx,seq,priority,weight,size(ft)
1,1,1.1,21.01,20
2,2,0.1,20.84,20
3,3,0.4,12.82,20
4,4,1.3,14.12,20
5,5,0.0,6.84,20
6,6,1.0,7.55,20
7,7,0.8,16.59,20
8,8,0.30000000000000004,8.58,20
9,9,0.2,15.54,20
10,10,0.7000000000000001,21.86,20
11,11,0.0,11.43,20
12,12,0.0,3.36,20
13,13,1.2000000000000002,7.85,20
