idx,seq,priority,weight,size(ft)
1,1,0.4,18.97,20
2,2,1.3,8.15,20
3,3,0.1,5.96,20
4,4,0.2,21.97,20
5,5,0.0,20.91,20
6,6,0.5,6.69,20
7,7,1.0,22.93,20
8,8,0.9,23.09,20
9,9,0.30000000000000004,6.61,20
10,10,0.7000000000000001,20.3,20
11,11,0.0,12.3,20
12,12,0.8,20.71,20
13,13,0.0,17.21,20
