idx,seq,priority,weight,size(ft)
1,1,0.0,21.56,20
2,2,1.1,4.32,20
3,3,0.0,6.98,20
4,4,1.2000000000000002,14.06,20
5,5,0.1,10.63,20
6,6,0.8,19.33,20
7,7,0.2,21.65,20
8,8,0.0,8.0,20
9,9,0.6000000000000001,16.48,20
10,10,0.5,3.48,20
11,11,0.9,5.38,20
12,12,0.4,6.37,20
13,13,1.0,16.22,20
