idx,seq,priority,weight,size(ft)
1,1,0.9,13.1,20
2,2,0.4,13.58,20
3,3,1.3,20.74,20
4,4,0.6000000000000001,8.91,20
5,5,0.1,21.68,20
6,6,1.1,15.62,20
7,7,0.0,16.38,20
8,8,0.2,9.54,20
9,9,0.7000000000000001,23.21,20
10,10,0.0,23.59,20
11,11,0.5,8.4,20
12,12,0.0,22.28,20
13,13,0.0,12.38,20
