idx,seq,priority,weight,size(ft)
1,1,0.9,12.88,20
2,2,1.1,5.86,20
3,3,0.6000000000000001,19.86,20
4,4,0.5,19.22,20
5,5,1.3,4.15,20
6,6,0.4,8.91,20
7,7,0.30000000000000004,6.61,20
8,8,0.1,3.69,20
9,9,0.0,9.05,20
10,10,0.2,20.32,20
11,11,0.7000000000000001,14.54,20
12,12,1.2000000000000002,14.5,20
13,13,0.8,17.05,20
