idx,seq,priority,weight,size(ft)
1,1,1.0,20.93,20
2,2,0.8,17.13,20
3,3,1.3,3.39,20
4,4,1.1,11.88,20
5,5,1.2000000000000002,22.14,20
6,6,0.30000000000000004,4.82,20
7,7,0.9,9.93,20
8,8,0.7000000000000001,15.63,20
9,9,0.5,12.52,20
10,10,0.0,8.44,20
11,11,0.0,16.07,20
12,12,0.6000000000000001,14.87,20
13,13,0.1,12.89,20
