idx,seq,priority,weight,size(ft)
1,1,1.3,12.7,20
2,2,1.2000000000000002,5.43,20
3,3,0.0,3.2,20
4,4,0.6000000000000001,5.36,20
5,5,0.30000000000000004,3.6,20
6,6,1.0,12.76,20
7,7,0.9,7.69,20
8,8,0.8,15.54,20
9,9,0.4,23.79,20
10,10,0.7000000000000001,18.0,20
11,11,0.0,18.24,20
12,12,0.0,10.77,20
13,13,0.0,18.39,20
