idx,seq,priority,weight,size(ft)
1,1,0.2,15.01,20
2,2,1.3,15.97,20
3,3,0.7000000000000001,6.89,20
4,4,0.4,22.41,20
5,5,1.2000000000000002,8.63,20
6,6,0.30000000000000004,11.5,20
7,7,0.9,10.41,20
8,8,0.5,14.32,20
9,9,0.8,9.4,20
10,10,1.0,16.46,20
11,11,0.1,12.99,20
12,12,0.0,19.44,20
13,13,0.0,17.55,20
